id,condicion,dato,problema,implicacion,etiqueta,fuente,revision
C01,Velocidad,"Mach 5.2/ aprox 1,6 km/s",GPS/GNSS comerciales se bloquean debido a los límites COCOM >18km y >515m/s,"Necesario el uso de receptores especiales (alta dinámica) eg: Airbone avanzados, sistemas de navegación inercial INS autónomos, etc..",pendiente,,
C02,Altitud,apogeo mayor a 100km,Barómetros (típicos: MS5607 / MS5611) a esta altura dejan de ser útiles ya que a partir de los 31km de altura la atmósfera deja de ser perceptible,"La solución por tanto es que no podemos depender de la presión, por ello debemos confiar en la Fusión de datos inerciales (Acelerómetros y giroscopios)  Y de algoritmos de estimación de estado (Filtros Kalman) SE VA A NECESITAR GRAN CAPACIDAD DE PROCESAMIENTO",pendiente,,
C03,Aceleración,Decenas de G,Durante la combustión el cohete experimenta picos brutales de aceleración,"Un único sensor no vale, una idea sería utilizar dos diferentes, con una arquitectura dual, podrías utilizar un acelerómetro de ""alta g"" para el empuje inicial y despues un acelerómetro de ""baja g"" que tenga más sensibilidad paara captar mejor la dinámica en el resto de la misión",pendiente,,
C04,Regimen  transónico,"Mach 0,8-1,2",La formación de ondas de choque alrededor de la estructura falsea las lecturas de presión estática si los puertos de presión no están perfectamente ubicados y calibrados,Investigar bien la ubicación de estos,pendiente,,
C05,Velocidad de alabeo,Rango bajo giroscopio = 125 grados/segundo,"Tras apagarse el motor, el cohete puede entrar en rotación lo que puede hacer que giroscopios de rango bajo se puedan saturar",Investigar bien las características del giroscopio,pendiente,,
C06,Magnetismo a bordo,IMU datos anómalos,IMU se puede ver afectado por a distribución de la estructura,Calibración montada la IMU (el tiempo n rampa va a ser más largo) ojo con la situación en la estructura,pendiente,,
C07,Estructura de carbono,Pérdida de telemetría durante el vuelo,"La fibra de carbono es un material excelente para soportar cargas estructurales extremas, pero es opaca a las ondas de radio (RF)","Nunca se puede colocar una antena de telemetría o GPS dentro de un fuselaje de carbono puro. Las antenas deben meterse obligatoriamente en secciones de fibra de vidrio, la ojiva (nosecone) o carenados externos transparentes a RF",pendiente,,
C08,Distancia de enlace y Efecto Doppler,Apogeo 100km y alta velocidad radial,"En un vuelo que alcanza un apogeo de más de 100 km, la distanciaslant (enlace en línea de vista) puede superar los 150 km, generando pérdidas de propagación severas (135 dB a 868 MHz). Además, la alta velocidad radial provoca un desplazamiento Doppler significativo en la frecuencia de radio , lo que puede desintonizar el receptor en tierra si no se prevé en el diseño del enlace.","Hay que investigar opciones como los módulos LoRA, gran opcion (que ya conozco), con su modulación CSS (la típica es FSK) se pueden llegar a decodificar señales incluso por debajo del nivel de ruido de fondo (con relaciones señal-ruido negativas, hasta -20 dB), lo que compensa drásticamente las grandes pérdidas en espacio libre. Amplificar ancho de banda y potencia. O incluso usar SDR+predicción de trayectoria (el software que sea) para ""perseguir la frecuencia perdida""",pendiente,,
C09,Duración del vuelo,"Como vemos en el Aftershock, vuelos altos duran varios minutos (Hay que tener en cuenta tambien el largo tiempo en rampa)","Te enfrentas a limitaciones estrictas de presupuesto de energía y memoria. Un error común es programar el registro de datos (data logging) a una frecuencia demasiado alta, lo que satura la memoria interna antes de que termine la misión (como le ocurrió a uno de los altímetros de Aftershock II, que se quedó sin almacenamiento a los 375 s)","Implementar una máquina de estados en el software que varíe la frecuencia de muestreo según la fase del vuelo detectada, podría ser una solución",pendiente,,
C10,Memoria,vibraciones o consumo masivo,"Las tarjetas SD comerciales de consumo masivo pueden corromperse fácilmente debido a las vibraciones extremas y los campos magnéticos del cohete, además de sufrir latencias impredecibles en el sistema de archivos (FAT32/exFAT).",memorias Flash SPI externas o FRAM con escritura directa a nivel de bloque,pendiente,,
