orden,paso,umbral_id,selector_param,piezas_restantes,eliminadas,eliminadas_campo_vacio
0,Catálogo STM32 completo,,,1644,0,0
1,Estado comercial Active,T16,Marketing Status,1565,79,0
2,FPU en hardware,T02,FPU (Single / Double / Half-precision),978,587,0
3,Encapsulado LQFP,T14,Package,656,322,0
4,Temperatura máx ≥ 85 °C,T13,Operating Temperature max,656,0,0
5,SPI ≥ 3,T03,SPI,580,76,25
6,USART + UART ≥ 4,T04,USART + UART (dos columnas distintas),518,62,0
7,I2C ≥ 2,T05,I2C,500,18,18
8,CAN ≥ 1,T06,CAN (FD) + CAN (2.0) (dos columnas),469,31,31
9,Interfaz de registro (Quad/Octo/xSPI o SD-MMC),T07,External Memory Interfaces / Additional Interfaces,406,63,43
10,Canales ADC ≥ 12,T08,"Number of Channels (aparece 3 veces, una por grupo de ADC)",377,29,0
11,Timers ≥ 3,T09,"Timers 16-bit + 32-bit, Other timer functions",371,6,6
12,Flash ≥ 256 kB,T11,Flash Size,345,26,0
13,RAM ≥ 128 kB,T10,RAM Size,336,9,0
