ioc,mcu,periferico,bus,unidades,pines
firmware/FARADAYJorge/FARADAYJorge.ioc,STM32H743ZITx,FDCAN1,can,1,PA11 PA12
firmware/FARADAYJorge/FARADAYJorge.ioc,STM32H743ZITx,I2C1,i2c,1,PB6 PB7
firmware/FARADAYJorge/FARADAYJorge.ioc,STM32H743ZITx,I2C2,i2c,1,PF0 PF1
firmware/FARADAYJorge/FARADAYJorge.ioc,STM32H743ZITx,LPUART1,uart,1,PA10 PA9
firmware/FARADAYJorge/FARADAYJorge.ioc,STM32H743ZITx,QUADSPI,qspi_sdmmc,1,PB10 PF10 PF6 PF7 PF8 PF9
firmware/FARADAYJorge/FARADAYJorge.ioc,STM32H743ZITx,SPI1,spi,1,PA5 PD7 PG9
firmware/FARADAYJorge/FARADAYJorge.ioc,STM32H743ZITx,SPI2,spi,1,PB13 PC2_C PC3_C
firmware/FARADAYJorge/FARADAYJorge.ioc,STM32H743ZITx,USART2,uart,1,PD5 PD6
firmware/FARADAYJorge/FARADAYJorge.ioc,STM32H743ZITx,USART3,uart,1,PD8 PD9
firmware/FARADAYJorge/FARADAYJorge.ioc,STM32H743ZITx,USART6,uart,1,PC6 PC7
firmware/FARADAYJorge/FARADAYJorge.ioc,STM32H743ZITx,ADC1,adc,1,PF11
firmware/FARADAYJorge/FARADAYJorge.ioc,STM32H743ZITx,ADC2,adc,2,PF13 PF14
firmware/FARADAYJorge/FARADAYJorge.ioc,STM32H743ZITx,ADCx,adc,8,PA2 PA3 PA6 PA7 PB1 PC0 PC1 PC4
firmware/FARADAYJorge/FARADAYJorge.ioc,STM32H743ZITx,GPIO,gpio,9,PE10 PE11 PE12 PE3 PE4 PE5 PE6 PE7 PE8
firmware/FARADAYJorge/FARADAYJorge.ioc,STM32H743ZITx,TIM1,pwm,1,
firmware/FARADAYJorge/FARADAYJorge.ioc,STM32H743ZITx,TIM2,timer,1,
firmware/FARADAYJorge/FARADAYJorge.ioc,STM32H743ZITx,TIM4,pwm,1,
