criterio_id,justificacion
calculo,"Los diez van sobrados: 16,2 Mciclos/s son entre el 3,4 % de un H743 a 480 MHz y el 20 % de un L476 a 80 MHz. Todos por debajo del 25 % del ancla del 3. Les pongo 4 y no 5 a todos porque es cálculo, no medida en placa. Nota igual para los diez, así que este criterio no decide: es justo la conclusión que quiero enseñar, los MHz no distinguen entre ellos."
precision,"Solo 56 de las 337 referencias que pasan mi filtro tienen FPU de doble precisión, y están únicamente en las series H7 y F7. El H743 y el F767 se llevan el 5; los otros ocho se quedan en 3, que es el ancla de float con marco local ENU y el cálculo de resolución hecho. Este es el criterio que decide."
perifericos,"Casi todos se quedan con 3 SPI frente a los 3 que pido: margen cero. Los que además solo tienen 1 CAN o 2 I2C bajan a 1. Los tres de LQFP144 con 6 SPI (F767, H743, H563) se llevan un 4, y no un 5 porque todavía no los he rutado enteros en CubeMX."
registro,"Nota 5 a los que tienen interfaz dedicada y SD/MMC además de la memoria externa. Bajan a 4 el G474, el U5A5 y el C5A3, que tienen QUADSPI u Octo SPI pero no SD/MMC, así que me dejan una sola vía para los 18,4 MB."
consumo,"Con los µA/MHz en modo run del catálogo de ST, cada uno a su reloj máximo: U385 1,3 mA · U5A5 4,2 · L476 8 · L552 y C5A3 unos 11 · H563 28 · F446 30 · F767 91 · H743 130. Aquí el H743 es el peor con diferencia y las series de bajo consumo barren. ST no publica el consumo del G474RE en el selector, así que le pongo 3 aplicando mi propia regla de quedarme con la nota baja cuando dudo, y anoto que está pendiente de sacarlo de la ficha."
robustez,"Según AN5342 de ST, solo las series H5, H7, U3, U5 y C5 llevan ECC en memorias internas. H743, H563 y U5A5 se llevan el 5: ECC en Flash y en RAM, más watchdog con ventana, CSS y detector de caída de tensión. El G474, el U385 y el C5A3 se quedan en 4 porque su ECC cubre la Flash y solo una parte de la SRAM. F446, F767, L476 y L552 no llevan ECC: watchdog y CSS, que es el ancla del 3. Que el F767 sea Cortex-M7 no le da ECC, y esa es justo la confusión que quiero evitar."
continuidad,"Pongo 3 a los diez porque todavía no sé qué vuela hoy Faraday. Con la misma nota este criterio no decide, y en cuanto lo confirme con Víctor lo actualizo y vuelvo a mirar la sensibilidad."
calendario,"Los M4 arrancan desde CubeMX sin tocar nada, nota 5. Los M33 maduros (H563, L552, U5A5) van a 4. El U385 baja a 3 y el C5A3 a 2 por ser series de 2025 y 2026 con menos ejemplos y menos rodaje. El H743 y el F767 se quedan en 2: caché, MPU y coherencia de DMA por resolver, y con una semana por delante eso es riesgo real."
coste,"Orden aproximado: U385 y G474 en torno a 5-7 €, F446 y L476 sobre 8-9 €, L552 y H563 sobre 10-12 €, F767 y U5A5 sobre 15 €, H743 sobre 18 € con el precedente de escasez de 2021, y el C5A3 con plazo todavía incierto por ser serie nueva. Pendiente de confirmar en Mouser o Farnell el día que lo pida."
