criterio_id,candidato_id,nota,etiqueta,observacion,celda_origen
calculo,STM32F446RE,4,pendiente,,Matriz!D5
calculo,STM32G474RE,4,pendiente,,Matriz!E5
calculo,STM32H743ZI,4,pendiente,,Matriz!F5
calculo,STM32F767ZI,4,pendiente,,Matriz!H5
calculo,STM32H563ZI,4,pendiente,,Matriz!I5
calculo,STM32L476RG,4,pendiente,,Matriz!J5
calculo,STM32L552ZE,4,pendiente,,Matriz!K5
calculo,STM32U385RG,4,pendiente,,Matriz!L5
calculo,STM32U5A5ZJ,4,pendiente,,Matriz!M5
calculo,STM32C5A3ZG,4,pendiente,,Matriz!N5
precision,STM32F446RE,3,pendiente,,Matriz!D6
precision,STM32G474RE,3,pendiente,,Matriz!E6
precision,STM32H743ZI,5,pendiente,,Matriz!F6
precision,STM32F767ZI,5,pendiente,,Matriz!H6
precision,STM32H563ZI,3,pendiente,,Matriz!I6
precision,STM32L476RG,3,pendiente,,Matriz!J6
precision,STM32L552ZE,3,pendiente,,Matriz!K6
precision,STM32U385RG,3,pendiente,,Matriz!L6
precision,STM32U5A5ZJ,3,pendiente,,Matriz!M6
precision,STM32C5A3ZG,3,pendiente,,Matriz!N6
perifericos,STM32F446RE,2,pendiente,,Matriz!D7
perifericos,STM32G474RE,2,pendiente,"SPI = 3 según el catálogo de ST, no 4: margen cero, igual que el F446 (punto 10).",Matriz!E7
perifericos,STM32H743ZI,4,pendiente,,Matriz!F7
perifericos,STM32F767ZI,4,pendiente,,Matriz!H7
perifericos,STM32H563ZI,4,pendiente,,Matriz!I7
perifericos,STM32L476RG,1,pendiente,,Matriz!J7
perifericos,STM32L552ZE,1,pendiente,,Matriz!K7
perifericos,STM32U385RG,1,pendiente,,Matriz!L7
perifericos,STM32U5A5ZJ,1,pendiente,,Matriz!M7
perifericos,STM32C5A3ZG,1,pendiente,,Matriz!N7
registro,STM32F446RE,5,pendiente,,Matriz!D8
registro,STM32G474RE,4,pendiente,,Matriz!E8
registro,STM32H743ZI,5,pendiente,,Matriz!F8
registro,STM32F767ZI,5,pendiente,,Matriz!H8
registro,STM32H563ZI,5,pendiente,,Matriz!I8
registro,STM32L476RG,5,pendiente,,Matriz!J8
registro,STM32L552ZE,5,pendiente,,Matriz!K8
registro,STM32U385RG,5,pendiente,,Matriz!L8
registro,STM32U5A5ZJ,4,pendiente,,Matriz!M8
registro,STM32C5A3ZG,4,pendiente,,Matriz!N8
consumo,STM32F446RE,4,pendiente,,Matriz!D9
consumo,STM32G474RE,3,pendiente,Sin fuente: ST no publica el consumo del G474RE en el selector. Nota 3 por la regla de quedarse con la nota baja (punto 10).,Matriz!E9
consumo,STM32H743ZI,2,pendiente,,Matriz!F9
consumo,STM32F767ZI,3,pendiente,,Matriz!H9
consumo,STM32H563ZI,4,pendiente,,Matriz!I9
consumo,STM32L476RG,5,pendiente,,Matriz!J9
consumo,STM32L552ZE,5,pendiente,,Matriz!K9
consumo,STM32U385RG,5,pendiente,,Matriz!L9
consumo,STM32U5A5ZJ,5,pendiente,,Matriz!M9
consumo,STM32C5A3ZG,5,pendiente,,Matriz!N9
robustez,STM32F446RE,3,pendiente,,Matriz!D10
robustez,STM32G474RE,4,pendiente,,Matriz!E10
robustez,STM32H743ZI,5,pendiente,,Matriz!F10
robustez,STM32F767ZI,3,pendiente,,Matriz!H10
robustez,STM32H563ZI,5,pendiente,,Matriz!I10
robustez,STM32L476RG,3,pendiente,,Matriz!J10
robustez,STM32L552ZE,3,pendiente,,Matriz!K10
robustez,STM32U385RG,4,pendiente,,Matriz!L10
robustez,STM32U5A5ZJ,5,pendiente,,Matriz!M10
robustez,STM32C5A3ZG,4,pendiente,,Matriz!N10
continuidad,STM32F446RE,3,pendiente,,Matriz!D11
continuidad,STM32G474RE,3,pendiente,,Matriz!E11
continuidad,STM32H743ZI,3,pendiente,,Matriz!F11
continuidad,STM32F767ZI,3,pendiente,,Matriz!H11
continuidad,STM32H563ZI,3,pendiente,,Matriz!I11
continuidad,STM32L476RG,3,pendiente,,Matriz!J11
continuidad,STM32L552ZE,3,pendiente,,Matriz!K11
continuidad,STM32U385RG,3,pendiente,,Matriz!L11
continuidad,STM32U5A5ZJ,3,pendiente,,Matriz!M11
continuidad,STM32C5A3ZG,3,pendiente,,Matriz!N11
calendario,STM32F446RE,5,pendiente,,Matriz!D12
calendario,STM32G474RE,5,pendiente,,Matriz!E12
calendario,STM32H743ZI,2,pendiente,,Matriz!F12
calendario,STM32F767ZI,2,pendiente,,Matriz!H12
calendario,STM32H563ZI,4,pendiente,,Matriz!I12
calendario,STM32L476RG,5,pendiente,,Matriz!J12
calendario,STM32L552ZE,4,pendiente,,Matriz!K12
calendario,STM32U385RG,3,pendiente,,Matriz!L12
calendario,STM32U5A5ZJ,4,pendiente,,Matriz!M12
calendario,STM32C5A3ZG,2,pendiente,,Matriz!N12
coste,STM32F446RE,5,pendiente,,Matriz!D13
coste,STM32G474RE,5,pendiente,,Matriz!E13
coste,STM32H743ZI,3,pendiente,,Matriz!F13
coste,STM32F767ZI,3,pendiente,,Matriz!H13
coste,STM32H563ZI,4,pendiente,,Matriz!I13
coste,STM32L476RG,5,pendiente,,Matriz!J13
coste,STM32L552ZE,4,pendiente,,Matriz!K13
coste,STM32U385RG,5,pendiente,,Matriz!L13
coste,STM32U5A5ZJ,3,pendiente,,Matriz!M13
coste,STM32C5A3ZG,3,pendiente,,Matriz!N13
