candidato_id,fabricante,modelo,serie,nucleo,rol,core,fpu,mhz,flash_kb,ram_kb,spi,uart_total,i2c,can,adc_canales,timers,encapsulado,temp_max_c,corriente_run_ua_mhz,corriente_low_power,interfaz_memoria_externa,sdmmc,pasa_filtro,notas
STM32F411RE,STMicroelectronics,STM32F411RE,F4,NUCLEO-F411RE,control,Cortex-M4,Single-precision,100,512,128,5,3,3,0,16,8,LQFP 64,105,100,1.8,,si,NO,"Control: cae por CAN=0 y UART=3. Micro del CATS Vega, referencia de lo minimo que basta."
ESP32-S3,Espressif,ESP32-S3,-,ESP32-S3-DevKitC,control,Xtensa LX7,Single-precision,240,externa,512,4,3,2,1,20,,Modulo QFN,85,,,,si,NO,"Control: cae por familia STM32 y por encapsulado. No esta en el catalogo de ST."
STM32F405RG,STMicroelectronics,STM32F405RG,F4,sin Nucleo propia,candidato,Cortex-M4,Single-precision,168,1024,192,3,6,3,2,16,14,LQFP 64,105,215,1.7,FSMC,si,SI,"Sin QUADSPI: la flash NOR iria por SPI o SDIO. Sin Nucleo; la F4DISCOVERY monta un F407VG."
STM32F446RE,STMicroelectronics,STM32F446RE,F4,NUCLEO-F446RE,candidato,Cortex-M4,Single-precision,180,512,128,3,6,4,2,16,14,LQFP 64,105,167,1.12,FMC + Quad SPI,si,SI,"El F4 con Nucleo propia y con QUADSPI. Sustituto natural del F405 si pesa el umbral de placa."
STM32G474RE,STMicroelectronics,STM32G474RE,G4,NUCLEO-G474RE,candidato,Cortex-M4,Single-precision,170,512,128,3,5,4,3,26,13,LQFP 64,125,sin dato,sin dato,FSMC + Quad SPI,no,SI,"ST no publica consumo de esta pieza en el selector. SPI=3, no 4: margen cero sobre el umbral."
STM32L476RG,STMicroelectronics,STM32L476RG,L4,NUCLEO-L476RG,candidato,Cortex-M4,Single-precision,80,1024,128,3,5,3,1,16,11,LQFP 64,125,100,0.03,FMC + Quad SPI,si,SI,"La opcion de bajo consumo clasica. 80 MHz: hay que comprobar el margen del filtro."
STM32F767ZI,STMicroelectronics,STM32F767ZI,F7,NUCLEO-F767ZI,candidato,Cortex-M7,Double-precision,216,2048,512,6,8,4,3,24,14,LQFP 144,85,420,2.5,Dual Quad SPI + FMC,si,SI,"Doble precision sin el salto de consumo del H743. 3 CAN. Candidato que faltaba en mi lista original."
STM32H743ZI,STMicroelectronics,STM32H743ZI,H7,NUCLEO-H743ZI2,candidato,Cortex-M7,Double-precision,480,2048,1024,6,8,4,2,28,14,LQFP 144,85,270,4,Dual Quad SPI + FMC,si,SI,"ECC en Flash y RAM. 270 uA/MHz a 480 MHz son unos 130 mA: es el peor en rampa."
STM32H563ZI,STMicroelectronics,STM32H563ZI,H5,NUCLEO-H563ZI,candidato,Cortex-M33,Single-precision,250,2048,640,6,13,4,2,18,18,LQFP 144,125,111,0.03,FMC + Octo SPI,si,SI,"ECC y 111 uA/MHz: mucho mas eficiente que el H743. Pierde en precision numerica por no tener FPU de doble precision."
