candidato_id,campo,valor,unidad,etiqueta,fuente,revision,fecha_consulta,condiciones,url,importado_de
STM32F411RE,placa_evaluacion,Nucleo-F411RE,,pendiente,,,,,,softwareFARADAY 2.xlsx!Umbrales!C19
STM32F411RE,disponibilidad_longevidad,Sí,,pendiente,,,,,,softwareFARADAY 2.xlsx!Umbrales!C20
STM32F411RE,coexistencia_cubemx,,,pendiente,,,,texto original: Por verificar,,softwareFARADAY 2.xlsx!Umbrales!C21
STM32F446RE,placa_evaluacion,Nucleo-F446RE,,pendiente,,,,,,softwareFARADAY 2.xlsx!Umbrales!E19
STM32F446RE,disponibilidad_longevidad,Sí,,pendiente,,,,,,softwareFARADAY 2.xlsx!Umbrales!E20
STM32F446RE,coexistencia_cubemx,,,pendiente,,,,texto original: Por verificar,,softwareFARADAY 2.xlsx!Umbrales!E21
STM32G474RE,placa_evaluacion,Nucleo-G474RE,,pendiente,,,,,,softwareFARADAY 2.xlsx!Umbrales!G19
STM32G474RE,disponibilidad_longevidad,Sí,,pendiente,,,,,,softwareFARADAY 2.xlsx!Umbrales!G20
STM32G474RE,coexistencia_cubemx,,,pendiente,,,,texto original: Por verificar,,softwareFARADAY 2.xlsx!Umbrales!G21
STM32H743ZI,placa_evaluacion,Nucleo-H743ZI2,,pendiente,,,,,,softwareFARADAY 2.xlsx!Umbrales!I19
STM32H743ZI,disponibilidad_longevidad,Sí; escasez en 2021,,pendiente,,,,,,softwareFARADAY 2.xlsx!Umbrales!I20
STM32H743ZI,coexistencia_cubemx,,,pendiente,,,,texto original: Por verificar,,softwareFARADAY 2.xlsx!Umbrales!I21
ESP32-S3,familia,"Xtensa LX7, no es ST",,pendiente,,,,,,softwareFARADAY 2.xlsx!Umbrales!K6
ESP32-S3,fpu,Single-precision,,pendiente,,,,texto original: FPU simple,,softwareFARADAY 2.xlsx!Umbrales!K7
ESP32-S3,spi,4,,pendiente,,,,texto original: 4 (2 libres),,softwareFARADAY 2.xlsx!Umbrales!K8
ESP32-S3,uart_total,3,,pendiente,,,,,,softwareFARADAY 2.xlsx!Umbrales!K9
ESP32-S3,i2c,2,,pendiente,,,,,,softwareFARADAY 2.xlsx!Umbrales!K10
ESP32-S3,can_total,1,,pendiente,,,,texto original: 1 TWAI,,softwareFARADAY 2.xlsx!Umbrales!K11
ESP32-S3,interfaz_registro,SDMMC + flash SPI,,pendiente,,,,,,softwareFARADAY 2.xlsx!Umbrales!K12
ESP32-S3,adc_canales,20,,pendiente,,,,,,softwareFARADAY 2.xlsx!Umbrales!K13
ESP32-S3,timers_total,8,,pendiente,,,,texto original: 8 canales LEDC,,softwareFARADAY 2.xlsx!Umbrales!K14
ESP32-S3,ram_kb,512,kB,pendiente,,,,texto original: 512 kB,,softwareFARADAY 2.xlsx!Umbrales!K15
ESP32-S3,flash_kb,Externa,kB,pendiente,,,,,,softwareFARADAY 2.xlsx!Umbrales!K16
ESP32-S3,temp_min_c,-40,°C,pendiente,,,,texto original: −40/85; condiciones de medida sin documentar (pendiente),,softwareFARADAY 2.xlsx!Umbrales!K17
ESP32-S3,temp_max_c,85,°C,pendiente,,,,texto original: −40/85; condiciones de medida sin documentar (pendiente),,softwareFARADAY 2.xlsx!Umbrales!K17
ESP32-S3,encapsulado,Módulo QFN,,pendiente,,,,,,softwareFARADAY 2.xlsx!Umbrales!K18
ESP32-S3,placa_evaluacion,DevKitC,,pendiente,,,,,,softwareFARADAY 2.xlsx!Umbrales!K19
ESP32-S3,disponibilidad_longevidad,Sí,,pendiente,,,,,,softwareFARADAY 2.xlsx!Umbrales!K20
ESP32-S3,coexistencia_cubemx,,,pendiente,,,,texto original: Por verificar,,softwareFARADAY 2.xlsx!Umbrales!K21
STM32F767ZI,placa_evaluacion,Nucleo-F767ZI,,pendiente,,,,,,softwareFARADAY 2.xlsx!Umbrales!M19
STM32F767ZI,disponibilidad_longevidad,Sí,,pendiente,,,,,,softwareFARADAY 2.xlsx!Umbrales!M20
STM32F767ZI,coexistencia_cubemx,,,pendiente,,,,texto original: Por verificar,,softwareFARADAY 2.xlsx!Umbrales!M21
STM32H563ZI,placa_evaluacion,Nucleo-H563ZI,,pendiente,,,,,,softwareFARADAY 2.xlsx!Umbrales!O19
STM32H563ZI,disponibilidad_longevidad,Sí,,pendiente,,,,,,softwareFARADAY 2.xlsx!Umbrales!O20
STM32H563ZI,coexistencia_cubemx,,,pendiente,,,,texto original: Por verificar,,softwareFARADAY 2.xlsx!Umbrales!O21
STM32L476RG,placa_evaluacion,Nucleo-L476RG,,pendiente,,,,,,softwareFARADAY 2.xlsx!Umbrales!Q19
STM32L476RG,disponibilidad_longevidad,Sí,,pendiente,,,,,,softwareFARADAY 2.xlsx!Umbrales!Q20
STM32L476RG,coexistencia_cubemx,,,pendiente,,,,texto original: Por verificar,,softwareFARADAY 2.xlsx!Umbrales!Q21
STM32L552ZE,placa_evaluacion,Nucleo-L552ZE-Q,,pendiente,,,,,,softwareFARADAY 2.xlsx!Umbrales!S19
STM32L552ZE,disponibilidad_longevidad,Sí,,pendiente,,,,,,softwareFARADAY 2.xlsx!Umbrales!S20
STM32L552ZE,coexistencia_cubemx,,,pendiente,,,,texto original: Por verificar,,softwareFARADAY 2.xlsx!Umbrales!S21
STM32U385RG,placa_evaluacion,Nucleo-U385RG-Q,,pendiente,,,,,,softwareFARADAY 2.xlsx!Umbrales!U19
STM32U385RG,disponibilidad_longevidad,Sí; serie de 2025,,pendiente,,,,,,softwareFARADAY 2.xlsx!Umbrales!U20
STM32U385RG,coexistencia_cubemx,,,pendiente,,,,texto original: Por verificar,,softwareFARADAY 2.xlsx!Umbrales!U21
STM32U5A5ZJ,placa_evaluacion,Nucleo-U5A5ZJ-Q,,pendiente,,,,,,softwareFARADAY 2.xlsx!Umbrales!W19
STM32U5A5ZJ,disponibilidad_longevidad,Sí,,pendiente,,,,,,softwareFARADAY 2.xlsx!Umbrales!W20
STM32U5A5ZJ,coexistencia_cubemx,,,pendiente,,,,texto original: Por verificar,,softwareFARADAY 2.xlsx!Umbrales!W21
STM32C5A3ZG,placa_evaluacion,,,pendiente,,,,texto original: Por confirmar — serie nueva,,softwareFARADAY 2.xlsx!Umbrales!Y19
STM32C5A3ZG,disponibilidad_longevidad,Sí; serie nueva,,pendiente,,,,,,softwareFARADAY 2.xlsx!Umbrales!Y20
STM32C5A3ZG,coexistencia_cubemx,,,pendiente,,,,texto original: Por verificar,,softwareFARADAY 2.xlsx!Umbrales!Y21
STM32F411RE,familia,STM32,,fuente,ST STM32 MCU product selector,,2026-09-30,implícito: el selector solo contiene STM32,https://www.st.com/content/st_com/en/stm32-mcu-product-selector.html,ProductsList.xlsx!STM32F411RE
STM32F411RE,estado_comercial,Active,,fuente,ST STM32 MCU product selector,,2026-09-30,,https://www.st.com/content/st_com/en/stm32-mcu-product-selector.html,ProductsList.xlsx!STM32F411RE
STM32F411RE,encapsulado,LQFP 64 10x10x1.4 mm,,fuente,ST STM32 MCU product selector,,2026-09-30,,https://www.st.com/content/st_com/en/stm32-mcu-product-selector.html,ProductsList.xlsx!STM32F411RE
STM32F411RE,core,Arm Cortex-M4,,fuente,ST STM32 MCU product selector,,2026-09-30,,https://www.st.com/content/st_com/en/stm32-mcu-product-selector.html,ProductsList.xlsx!STM32F411RE
STM32F411RE,mhz,100,MHz,fuente,ST STM32 MCU product selector,,2026-09-30,,https://www.st.com/content/st_com/en/stm32-mcu-product-selector.html,ProductsList.xlsx!STM32F411RE
STM32F411RE,fpu,Single-precision FPU,,fuente,ST STM32 MCU product selector,,2026-09-30,,https://www.st.com/content/st_com/en/stm32-mcu-product-selector.html,ProductsList.xlsx!STM32F411RE
STM32F411RE,flash_kb,512,kB,fuente,ST STM32 MCU product selector,,2026-09-30,,https://www.st.com/content/st_com/en/stm32-mcu-product-selector.html,ProductsList.xlsx!STM32F411RE
STM32F411RE,ram_kb,128,kB,fuente,ST STM32 MCU product selector,,2026-09-30,,https://www.st.com/content/st_com/en/stm32-mcu-product-selector.html,ProductsList.xlsx!STM32F411RE
STM32F411RE,spi,5,,fuente,ST STM32 MCU product selector,,2026-09-30,,https://www.st.com/content/st_com/en/stm32-mcu-product-selector.html,ProductsList.xlsx!STM32F411RE
STM32F411RE,usart,3,,fuente,ST STM32 MCU product selector,,2026-09-30,,https://www.st.com/content/st_com/en/stm32-mcu-product-selector.html,ProductsList.xlsx!STM32F411RE
STM32F411RE,uart,-,,fuente,ST STM32 MCU product selector,,2026-09-30,,https://www.st.com/content/st_com/en/stm32-mcu-product-selector.html,ProductsList.xlsx!STM32F411RE
STM32F411RE,uart_total,3,puertos,fuente,ST STM32 MCU product selector,,2026-09-30,suma USART + UART (trampa 2): USART typ='3' + UART typ='-',https://www.st.com/content/st_com/en/stm32-mcu-product-selector.html,ProductsList.xlsx!STM32F411RE
STM32F411RE,i2c,3,,fuente,ST STM32 MCU product selector,,2026-09-30,,https://www.st.com/content/st_com/en/stm32-mcu-product-selector.html,ProductsList.xlsx!STM32F411RE
STM32F411RE,can_fd,-,,fuente,ST STM32 MCU product selector,,2026-09-30,,https://www.st.com/content/st_com/en/stm32-mcu-product-selector.html,ProductsList.xlsx!STM32F411RE
STM32F411RE,can_20,-,,fuente,ST STM32 MCU product selector,,2026-09-30,,https://www.st.com/content/st_com/en/stm32-mcu-product-selector.html,ProductsList.xlsx!STM32F411RE
STM32F411RE,can_total,-,buses,fuente,ST STM32 MCU product selector,,2026-09-30,suma CAN (FD) + CAN (2.0) (trampa 2): CAN (FD)='-' + CAN (2.0)='-',https://www.st.com/content/st_com/en/stm32-mcu-product-selector.html,ProductsList.xlsx!STM32F411RE
STM32F411RE,adc_canales_12b,16,,fuente,ST STM32 MCU product selector,,2026-09-30,,https://www.st.com/content/st_com/en/stm32-mcu-product-selector.html,ProductsList.xlsx!STM32F411RE
STM32F411RE,adc_canales_14b,-,,fuente,ST STM32 MCU product selector,,2026-09-30,,https://www.st.com/content/st_com/en/stm32-mcu-product-selector.html,ProductsList.xlsx!STM32F411RE
STM32F411RE,adc_canales_16b,-,,fuente,ST STM32 MCU product selector,,2026-09-30,,https://www.st.com/content/st_com/en/stm32-mcu-product-selector.html,ProductsList.xlsx!STM32F411RE
STM32F411RE,adc_canales,16,canales,fuente,ST STM32 MCU product selector,,2026-09-30,máximo de los tres grupos de ADC (trampa 3): lo da el grupo de 12 bits,https://www.st.com/content/st_com/en/stm32-mcu-product-selector.html,ProductsList.xlsx!STM32F411RE
STM32F411RE,timers_16b,6,,fuente,ST STM32 MCU product selector,,2026-09-30,,https://www.st.com/content/st_com/en/stm32-mcu-product-selector.html,ProductsList.xlsx!STM32F411RE
STM32F411RE,timers_32b,2,,fuente,ST STM32 MCU product selector,,2026-09-30,,https://www.st.com/content/st_com/en/stm32-mcu-product-selector.html,ProductsList.xlsx!STM32F411RE
STM32F411RE,timers_total,8,timers,fuente,ST STM32 MCU product selector,,2026-09-30,suma 16-bit + 32-bit; los timers que ST pone en otras columnas no cuentan (trampa 5): Timers (16-bit) typ='6' + Timers (32-bit) typ='2',https://www.st.com/content/st_com/en/stm32-mcu-product-selector.html,ProductsList.xlsx!STM32F411RE
STM32F411RE,otras_funciones_timer,"Dual Watchdog, RTC, SysTick",,fuente,ST STM32 MCU product selector,,2026-09-30,Other timer functions (977): es la única parte paramétrica de la robustez (watchdog),https://www.st.com/content/st_com/en/stm32-mcu-product-selector.html,ProductsList.xlsx!STM32F411RE
STM32F411RE,memoria_externa,-,,fuente,ST STM32 MCU product selector,,2026-09-30,,https://www.st.com/content/st_com/en/stm32-mcu-product-selector.html,ProductsList.xlsx!STM32F411RE
STM32F411RE,interfaces_adicionales,SD/MMC,,fuente,ST STM32 MCU product selector,,2026-09-30,,https://www.st.com/content/st_com/en/stm32-mcu-product-selector.html,ProductsList.xlsx!STM32F411RE
STM32F411RE,interfaz_registro,-; SD/MMC,,fuente,ST STM32 MCU product selector,,2026-09-30,External Memory Interfaces; Additional Interfaces,https://www.st.com/content/st_com/en/stm32-mcu-product-selector.html,ProductsList.xlsx!STM32F411RE
STM32F411RE,criptografia,-,,fuente,ST STM32 MCU product selector,,2026-09-30,"TRAMPA 1: aquí «ECC» es criptografía de curva elíptica, NO memoria con corrección de errores",https://www.st.com/content/st_com/en/stm32-mcu-product-selector.html,ProductsList.xlsx!STM32F411RE
STM32F411RE,corriente_run_ua_mhz,100,µA/MHz,fuente,ST STM32 MCU product selector,,2026-09-30,"typ; Run Mode por MHz según el selector; tensión, temperatura y ejecución desde flash/caché: ver ficha técnica (pendiente)",https://www.st.com/content/st_com/en/stm32-mcu-product-selector.html,ProductsList.xlsx!STM32F411RE
STM32F411RE,corriente_low_power_ua,1.8,µA,fuente,ST STM32 MCU product selector,,2026-09-30,typ; @ Lowest Power según el selector; qué modo exactamente: ver ficha técnica (pendiente),https://www.st.com/content/st_com/en/stm32-mcu-product-selector.html,ProductsList.xlsx!STM32F411RE
STM32F411RE,temp_min_c,-40,°C,fuente,ST STM32 MCU product selector,,2026-09-30,Operating Temperature del selector: depende del sufijo de temperatura del número de pieza que se pida,https://www.st.com/content/st_com/en/stm32-mcu-product-selector.html,ProductsList.xlsx!STM32F411RE
STM32F411RE,temp_max_c,105,°C,fuente,ST STM32 MCU product selector,,2026-09-30,Operating Temperature del selector: depende del sufijo de temperatura del número de pieza que se pida,https://www.st.com/content/st_com/en/stm32-mcu-product-selector.html,ProductsList.xlsx!STM32F411RE
STM32F446RE,familia,STM32,,fuente,ST STM32 MCU product selector,,2026-09-30,implícito: el selector solo contiene STM32,https://www.st.com/content/st_com/en/stm32-mcu-product-selector.html,ProductsList.xlsx!STM32F446RE
STM32F446RE,estado_comercial,Active,,fuente,ST STM32 MCU product selector,,2026-09-30,,https://www.st.com/content/st_com/en/stm32-mcu-product-selector.html,ProductsList.xlsx!STM32F446RE
STM32F446RE,encapsulado,LQFP 64 10x10x1.4 mm,,fuente,ST STM32 MCU product selector,,2026-09-30,,https://www.st.com/content/st_com/en/stm32-mcu-product-selector.html,ProductsList.xlsx!STM32F446RE
STM32F446RE,core,Arm Cortex-M4,,fuente,ST STM32 MCU product selector,,2026-09-30,,https://www.st.com/content/st_com/en/stm32-mcu-product-selector.html,ProductsList.xlsx!STM32F446RE
STM32F446RE,mhz,180,MHz,fuente,ST STM32 MCU product selector,,2026-09-30,,https://www.st.com/content/st_com/en/stm32-mcu-product-selector.html,ProductsList.xlsx!STM32F446RE
STM32F446RE,fpu,Single-precision FPU,,fuente,ST STM32 MCU product selector,,2026-09-30,,https://www.st.com/content/st_com/en/stm32-mcu-product-selector.html,ProductsList.xlsx!STM32F446RE
STM32F446RE,flash_kb,512,kB,fuente,ST STM32 MCU product selector,,2026-09-30,,https://www.st.com/content/st_com/en/stm32-mcu-product-selector.html,ProductsList.xlsx!STM32F446RE
STM32F446RE,ram_kb,128,kB,fuente,ST STM32 MCU product selector,,2026-09-30,,https://www.st.com/content/st_com/en/stm32-mcu-product-selector.html,ProductsList.xlsx!STM32F446RE
STM32F446RE,spi,3,,fuente,ST STM32 MCU product selector,,2026-09-30,,https://www.st.com/content/st_com/en/stm32-mcu-product-selector.html,ProductsList.xlsx!STM32F446RE
STM32F446RE,usart,4,,fuente,ST STM32 MCU product selector,,2026-09-30,,https://www.st.com/content/st_com/en/stm32-mcu-product-selector.html,ProductsList.xlsx!STM32F446RE
STM32F446RE,uart,2,,fuente,ST STM32 MCU product selector,,2026-09-30,,https://www.st.com/content/st_com/en/stm32-mcu-product-selector.html,ProductsList.xlsx!STM32F446RE
STM32F446RE,uart_total,6,puertos,fuente,ST STM32 MCU product selector,,2026-09-30,suma USART + UART (trampa 2): USART typ='4' + UART typ='2',https://www.st.com/content/st_com/en/stm32-mcu-product-selector.html,ProductsList.xlsx!STM32F446RE
STM32F446RE,i2c,4,,fuente,ST STM32 MCU product selector,,2026-09-30,,https://www.st.com/content/st_com/en/stm32-mcu-product-selector.html,ProductsList.xlsx!STM32F446RE
STM32F446RE,can_fd,-,,fuente,ST STM32 MCU product selector,,2026-09-30,,https://www.st.com/content/st_com/en/stm32-mcu-product-selector.html,ProductsList.xlsx!STM32F446RE
STM32F446RE,can_20,2,,fuente,ST STM32 MCU product selector,,2026-09-30,,https://www.st.com/content/st_com/en/stm32-mcu-product-selector.html,ProductsList.xlsx!STM32F446RE
STM32F446RE,can_total,2,buses,fuente,ST STM32 MCU product selector,,2026-09-30,suma CAN (FD) + CAN (2.0) (trampa 2): CAN (FD)='-' + CAN (2.0)='2',https://www.st.com/content/st_com/en/stm32-mcu-product-selector.html,ProductsList.xlsx!STM32F446RE
STM32F446RE,adc_canales_12b,16,,fuente,ST STM32 MCU product selector,,2026-09-30,,https://www.st.com/content/st_com/en/stm32-mcu-product-selector.html,ProductsList.xlsx!STM32F446RE
STM32F446RE,adc_canales_14b,-,,fuente,ST STM32 MCU product selector,,2026-09-30,,https://www.st.com/content/st_com/en/stm32-mcu-product-selector.html,ProductsList.xlsx!STM32F446RE
STM32F446RE,adc_canales_16b,-,,fuente,ST STM32 MCU product selector,,2026-09-30,,https://www.st.com/content/st_com/en/stm32-mcu-product-selector.html,ProductsList.xlsx!STM32F446RE
STM32F446RE,adc_canales,16,canales,fuente,ST STM32 MCU product selector,,2026-09-30,máximo de los tres grupos de ADC (trampa 3): lo da el grupo de 12 bits,https://www.st.com/content/st_com/en/stm32-mcu-product-selector.html,ProductsList.xlsx!STM32F446RE
STM32F446RE,timers_16b,12,,fuente,ST STM32 MCU product selector,,2026-09-30,,https://www.st.com/content/st_com/en/stm32-mcu-product-selector.html,ProductsList.xlsx!STM32F446RE
STM32F446RE,timers_32b,2,,fuente,ST STM32 MCU product selector,,2026-09-30,,https://www.st.com/content/st_com/en/stm32-mcu-product-selector.html,ProductsList.xlsx!STM32F446RE
STM32F446RE,timers_total,14,timers,fuente,ST STM32 MCU product selector,,2026-09-30,suma 16-bit + 32-bit; los timers que ST pone en otras columnas no cuentan (trampa 5): Timers (16-bit) typ='12' + Timers (32-bit) typ='2',https://www.st.com/content/st_com/en/stm32-mcu-product-selector.html,ProductsList.xlsx!STM32F446RE
STM32F446RE,otras_funciones_timer,"Dual Watchdog, RTC, SysTick",,fuente,ST STM32 MCU product selector,,2026-09-30,Other timer functions (977): es la única parte paramétrica de la robustez (watchdog),https://www.st.com/content/st_com/en/stm32-mcu-product-selector.html,ProductsList.xlsx!STM32F446RE
STM32F446RE,memoria_externa,"FMC, Quad SPI",,fuente,ST STM32 MCU product selector,,2026-09-30,,https://www.st.com/content/st_com/en/stm32-mcu-product-selector.html,ProductsList.xlsx!STM32F446RE
STM32F446RE,interfaces_adicionales,"HDMI CEC, SAI, SD/MMC",,fuente,ST STM32 MCU product selector,,2026-09-30,,https://www.st.com/content/st_com/en/stm32-mcu-product-selector.html,ProductsList.xlsx!STM32F446RE
STM32F446RE,interfaz_registro,"FMC, Quad SPI; HDMI CEC, SAI, SD/MMC",,fuente,ST STM32 MCU product selector,,2026-09-30,External Memory Interfaces; Additional Interfaces,https://www.st.com/content/st_com/en/stm32-mcu-product-selector.html,ProductsList.xlsx!STM32F446RE
STM32F446RE,criptografia,-,,fuente,ST STM32 MCU product selector,,2026-09-30,"TRAMPA 1: aquí «ECC» es criptografía de curva elíptica, NO memoria con corrección de errores",https://www.st.com/content/st_com/en/stm32-mcu-product-selector.html,ProductsList.xlsx!STM32F446RE
STM32F446RE,corriente_run_ua_mhz,167,µA/MHz,fuente,ST STM32 MCU product selector,,2026-09-30,"typ; Run Mode por MHz según el selector; tensión, temperatura y ejecución desde flash/caché: ver ficha técnica (pendiente)",https://www.st.com/content/st_com/en/stm32-mcu-product-selector.html,ProductsList.xlsx!STM32F446RE
STM32F446RE,corriente_low_power_ua,1.12,µA,fuente,ST STM32 MCU product selector,,2026-09-30,typ; @ Lowest Power según el selector; qué modo exactamente: ver ficha técnica (pendiente),https://www.st.com/content/st_com/en/stm32-mcu-product-selector.html,ProductsList.xlsx!STM32F446RE
STM32F446RE,temp_min_c,-40,°C,fuente,ST STM32 MCU product selector,,2026-09-30,Operating Temperature del selector: depende del sufijo de temperatura del número de pieza que se pida,https://www.st.com/content/st_com/en/stm32-mcu-product-selector.html,ProductsList.xlsx!STM32F446RE
STM32F446RE,temp_max_c,105,°C,fuente,ST STM32 MCU product selector,,2026-09-30,Operating Temperature del selector: depende del sufijo de temperatura del número de pieza que se pida,https://www.st.com/content/st_com/en/stm32-mcu-product-selector.html,ProductsList.xlsx!STM32F446RE
STM32G474RE,familia,STM32,,fuente,ST STM32 MCU product selector,,2026-09-30,implícito: el selector solo contiene STM32,https://www.st.com/content/st_com/en/stm32-mcu-product-selector.html,ProductsList.xlsx!STM32G474RE
STM32G474RE,estado_comercial,Active,,fuente,ST STM32 MCU product selector,,2026-09-30,,https://www.st.com/content/st_com/en/stm32-mcu-product-selector.html,ProductsList.xlsx!STM32G474RE
STM32G474RE,encapsulado,LQFP 64 10x10x1.4 mm,,fuente,ST STM32 MCU product selector,,2026-09-30,,https://www.st.com/content/st_com/en/stm32-mcu-product-selector.html,ProductsList.xlsx!STM32G474RE
STM32G474RE,core,Arm Cortex-M4,,fuente,ST STM32 MCU product selector,,2026-09-30,,https://www.st.com/content/st_com/en/stm32-mcu-product-selector.html,ProductsList.xlsx!STM32G474RE
STM32G474RE,mhz,170,MHz,fuente,ST STM32 MCU product selector,,2026-09-30,,https://www.st.com/content/st_com/en/stm32-mcu-product-selector.html,ProductsList.xlsx!STM32G474RE
STM32G474RE,fpu,Single-precision FPU,,fuente,ST STM32 MCU product selector,,2026-09-30,,https://www.st.com/content/st_com/en/stm32-mcu-product-selector.html,ProductsList.xlsx!STM32G474RE
STM32G474RE,flash_kb,512,kB,fuente,ST STM32 MCU product selector,,2026-09-30,,https://www.st.com/content/st_com/en/stm32-mcu-product-selector.html,ProductsList.xlsx!STM32G474RE
STM32G474RE,ram_kb,128,kB,fuente,ST STM32 MCU product selector,,2026-09-30,,https://www.st.com/content/st_com/en/stm32-mcu-product-selector.html,ProductsList.xlsx!STM32G474RE
STM32G474RE,spi,3,,fuente,ST STM32 MCU product selector,,2026-09-30,,https://www.st.com/content/st_com/en/stm32-mcu-product-selector.html,ProductsList.xlsx!STM32G474RE
STM32G474RE,usart,3,,fuente,ST STM32 MCU product selector,,2026-09-30,,https://www.st.com/content/st_com/en/stm32-mcu-product-selector.html,ProductsList.xlsx!STM32G474RE
STM32G474RE,uart,2,,fuente,ST STM32 MCU product selector,,2026-09-30,,https://www.st.com/content/st_com/en/stm32-mcu-product-selector.html,ProductsList.xlsx!STM32G474RE
STM32G474RE,uart_total,5,puertos,fuente,ST STM32 MCU product selector,,2026-09-30,suma USART + UART (trampa 2): USART typ='3' + UART typ='2',https://www.st.com/content/st_com/en/stm32-mcu-product-selector.html,ProductsList.xlsx!STM32G474RE
STM32G474RE,i2c,4,,fuente,ST STM32 MCU product selector,,2026-09-30,,https://www.st.com/content/st_com/en/stm32-mcu-product-selector.html,ProductsList.xlsx!STM32G474RE
STM32G474RE,can_fd,3,,fuente,ST STM32 MCU product selector,,2026-09-30,,https://www.st.com/content/st_com/en/stm32-mcu-product-selector.html,ProductsList.xlsx!STM32G474RE
STM32G474RE,can_20,-,,fuente,ST STM32 MCU product selector,,2026-09-30,,https://www.st.com/content/st_com/en/stm32-mcu-product-selector.html,ProductsList.xlsx!STM32G474RE
STM32G474RE,can_total,3,buses,fuente,ST STM32 MCU product selector,,2026-09-30,suma CAN (FD) + CAN (2.0) (trampa 2): CAN (FD)='3' + CAN (2.0)='-',https://www.st.com/content/st_com/en/stm32-mcu-product-selector.html,ProductsList.xlsx!STM32G474RE
STM32G474RE,adc_canales_12b,26,,fuente,ST STM32 MCU product selector,,2026-09-30,,https://www.st.com/content/st_com/en/stm32-mcu-product-selector.html,ProductsList.xlsx!STM32G474RE
STM32G474RE,adc_canales_14b,-,,fuente,ST STM32 MCU product selector,,2026-09-30,,https://www.st.com/content/st_com/en/stm32-mcu-product-selector.html,ProductsList.xlsx!STM32G474RE
STM32G474RE,adc_canales_16b,-,,fuente,ST STM32 MCU product selector,,2026-09-30,,https://www.st.com/content/st_com/en/stm32-mcu-product-selector.html,ProductsList.xlsx!STM32G474RE
STM32G474RE,adc_canales,26,canales,fuente,ST STM32 MCU product selector,,2026-09-30,máximo de los tres grupos de ADC (trampa 3): lo da el grupo de 12 bits,https://www.st.com/content/st_com/en/stm32-mcu-product-selector.html,ProductsList.xlsx!STM32G474RE
STM32G474RE,timers_16b,11,,fuente,ST STM32 MCU product selector,,2026-09-30,,https://www.st.com/content/st_com/en/stm32-mcu-product-selector.html,ProductsList.xlsx!STM32G474RE
STM32G474RE,timers_32b,2,,fuente,ST STM32 MCU product selector,,2026-09-30,,https://www.st.com/content/st_com/en/stm32-mcu-product-selector.html,ProductsList.xlsx!STM32G474RE
STM32G474RE,timers_total,13,timers,fuente,ST STM32 MCU product selector,,2026-09-30,suma 16-bit + 32-bit; los timers que ST pone en otras columnas no cuentan (trampa 5): Timers (16-bit) typ='11' + Timers (32-bit) typ='2',https://www.st.com/content/st_com/en/stm32-mcu-product-selector.html,ProductsList.xlsx!STM32G474RE
STM32G474RE,otras_funciones_timer,"Dual Watchdog, HR timer, RTC, SysTick",,fuente,ST STM32 MCU product selector,,2026-09-30,Other timer functions (977): es la única parte paramétrica de la robustez (watchdog),https://www.st.com/content/st_com/en/stm32-mcu-product-selector.html,ProductsList.xlsx!STM32G474RE
STM32G474RE,memoria_externa,"FSMC, Quad SPI",,fuente,ST STM32 MCU product selector,,2026-09-30,,https://www.st.com/content/st_com/en/stm32-mcu-product-selector.html,ProductsList.xlsx!STM32G474RE
STM32G474RE,interfaces_adicionales,SAI,,fuente,ST STM32 MCU product selector,,2026-09-30,,https://www.st.com/content/st_com/en/stm32-mcu-product-selector.html,ProductsList.xlsx!STM32G474RE
STM32G474RE,interfaz_registro,"FSMC, Quad SPI; SAI",,fuente,ST STM32 MCU product selector,,2026-09-30,External Memory Interfaces; Additional Interfaces,https://www.st.com/content/st_com/en/stm32-mcu-product-selector.html,ProductsList.xlsx!STM32G474RE
STM32G474RE,criptografia,-,,fuente,ST STM32 MCU product selector,,2026-09-30,"TRAMPA 1: aquí «ECC» es criptografía de curva elíptica, NO memoria con corrección de errores",https://www.st.com/content/st_com/en/stm32-mcu-product-selector.html,ProductsList.xlsx!STM32G474RE
STM32G474RE,corriente_run_ua_mhz,-,µA/MHz,fuente,ST STM32 MCU product selector,,2026-09-30,"typ; Run Mode por MHz según el selector; tensión, temperatura y ejecución desde flash/caché: ver ficha técnica (pendiente); campo vacío en el selector",https://www.st.com/content/st_com/en/stm32-mcu-product-selector.html,ProductsList.xlsx!STM32G474RE
STM32G474RE,corriente_low_power_ua,-,µA,fuente,ST STM32 MCU product selector,,2026-09-30,typ; @ Lowest Power según el selector; qué modo exactamente: ver ficha técnica (pendiente); campo vacío en el selector,https://www.st.com/content/st_com/en/stm32-mcu-product-selector.html,ProductsList.xlsx!STM32G474RE
STM32G474RE,temp_min_c,-40,°C,fuente,ST STM32 MCU product selector,,2026-09-30,Operating Temperature del selector: depende del sufijo de temperatura del número de pieza que se pida,https://www.st.com/content/st_com/en/stm32-mcu-product-selector.html,ProductsList.xlsx!STM32G474RE
STM32G474RE,temp_max_c,125,°C,fuente,ST STM32 MCU product selector,,2026-09-30,Operating Temperature del selector: depende del sufijo de temperatura del número de pieza que se pida,https://www.st.com/content/st_com/en/stm32-mcu-product-selector.html,ProductsList.xlsx!STM32G474RE
STM32H743ZI,familia,STM32,,fuente,ST STM32 MCU product selector,,2026-09-30,implícito: el selector solo contiene STM32,https://www.st.com/content/st_com/en/stm32-mcu-product-selector.html,ProductsList.xlsx!STM32H743ZI
STM32H743ZI,estado_comercial,Active,,fuente,ST STM32 MCU product selector,,2026-09-30,,https://www.st.com/content/st_com/en/stm32-mcu-product-selector.html,ProductsList.xlsx!STM32H743ZI
STM32H743ZI,encapsulado,LQFP 144 20x20x1.4 mm,,fuente,ST STM32 MCU product selector,,2026-09-30,,https://www.st.com/content/st_com/en/stm32-mcu-product-selector.html,ProductsList.xlsx!STM32H743ZI
STM32H743ZI,core,Arm Cortex-M7,,fuente,ST STM32 MCU product selector,,2026-09-30,,https://www.st.com/content/st_com/en/stm32-mcu-product-selector.html,ProductsList.xlsx!STM32H743ZI
STM32H743ZI,mhz,480,MHz,fuente,ST STM32 MCU product selector,,2026-09-30,,https://www.st.com/content/st_com/en/stm32-mcu-product-selector.html,ProductsList.xlsx!STM32H743ZI
STM32H743ZI,fpu,Double-precision FPU,,fuente,ST STM32 MCU product selector,,2026-09-30,,https://www.st.com/content/st_com/en/stm32-mcu-product-selector.html,ProductsList.xlsx!STM32H743ZI
STM32H743ZI,flash_kb,2048,kB,fuente,ST STM32 MCU product selector,,2026-09-30,,https://www.st.com/content/st_com/en/stm32-mcu-product-selector.html,ProductsList.xlsx!STM32H743ZI
STM32H743ZI,ram_kb,1024,kB,fuente,ST STM32 MCU product selector,,2026-09-30,,https://www.st.com/content/st_com/en/stm32-mcu-product-selector.html,ProductsList.xlsx!STM32H743ZI
STM32H743ZI,spi,6,,fuente,ST STM32 MCU product selector,,2026-09-30,,https://www.st.com/content/st_com/en/stm32-mcu-product-selector.html,ProductsList.xlsx!STM32H743ZI
STM32H743ZI,usart,4,,fuente,ST STM32 MCU product selector,,2026-09-30,,https://www.st.com/content/st_com/en/stm32-mcu-product-selector.html,ProductsList.xlsx!STM32H743ZI
STM32H743ZI,uart,4,,fuente,ST STM32 MCU product selector,,2026-09-30,,https://www.st.com/content/st_com/en/stm32-mcu-product-selector.html,ProductsList.xlsx!STM32H743ZI
STM32H743ZI,uart_total,8,puertos,fuente,ST STM32 MCU product selector,,2026-09-30,suma USART + UART (trampa 2): USART typ='4' + UART typ='4',https://www.st.com/content/st_com/en/stm32-mcu-product-selector.html,ProductsList.xlsx!STM32H743ZI
STM32H743ZI,i2c,4,,fuente,ST STM32 MCU product selector,,2026-09-30,,https://www.st.com/content/st_com/en/stm32-mcu-product-selector.html,ProductsList.xlsx!STM32H743ZI
STM32H743ZI,can_fd,2,,fuente,ST STM32 MCU product selector,,2026-09-30,,https://www.st.com/content/st_com/en/stm32-mcu-product-selector.html,ProductsList.xlsx!STM32H743ZI
STM32H743ZI,can_20,-,,fuente,ST STM32 MCU product selector,,2026-09-30,,https://www.st.com/content/st_com/en/stm32-mcu-product-selector.html,ProductsList.xlsx!STM32H743ZI
STM32H743ZI,can_total,2,buses,fuente,ST STM32 MCU product selector,,2026-09-30,suma CAN (FD) + CAN (2.0) (trampa 2): CAN (FD)='2' + CAN (2.0)='-',https://www.st.com/content/st_com/en/stm32-mcu-product-selector.html,ProductsList.xlsx!STM32H743ZI
STM32H743ZI,adc_canales_12b,-,,fuente,ST STM32 MCU product selector,,2026-09-30,,https://www.st.com/content/st_com/en/stm32-mcu-product-selector.html,ProductsList.xlsx!STM32H743ZI
STM32H743ZI,adc_canales_14b,-,,fuente,ST STM32 MCU product selector,,2026-09-30,,https://www.st.com/content/st_com/en/stm32-mcu-product-selector.html,ProductsList.xlsx!STM32H743ZI
STM32H743ZI,adc_canales_16b,28,,fuente,ST STM32 MCU product selector,,2026-09-30,,https://www.st.com/content/st_com/en/stm32-mcu-product-selector.html,ProductsList.xlsx!STM32H743ZI
STM32H743ZI,adc_canales,28,canales,fuente,ST STM32 MCU product selector,,2026-09-30,máximo de los tres grupos de ADC (trampa 3): lo da el grupo de 16 bits,https://www.st.com/content/st_com/en/stm32-mcu-product-selector.html,ProductsList.xlsx!STM32H743ZI
STM32H743ZI,timers_16b,12,,fuente,ST STM32 MCU product selector,,2026-09-30,,https://www.st.com/content/st_com/en/stm32-mcu-product-selector.html,ProductsList.xlsx!STM32H743ZI
STM32H743ZI,timers_32b,2,,fuente,ST STM32 MCU product selector,,2026-09-30,,https://www.st.com/content/st_com/en/stm32-mcu-product-selector.html,ProductsList.xlsx!STM32H743ZI
STM32H743ZI,timers_total,14,timers,fuente,ST STM32 MCU product selector,,2026-09-30,suma 16-bit + 32-bit; los timers que ST pone en otras columnas no cuentan (trampa 5): Timers (16-bit) typ='12' + Timers (32-bit) typ='2',https://www.st.com/content/st_com/en/stm32-mcu-product-selector.html,ProductsList.xlsx!STM32H743ZI
STM32H743ZI,otras_funciones_timer,LP timer,,fuente,ST STM32 MCU product selector,,2026-09-30,Other timer functions (977): es la única parte paramétrica de la robustez (watchdog),https://www.st.com/content/st_com/en/stm32-mcu-product-selector.html,ProductsList.xlsx!STM32H743ZI
STM32H743ZI,memoria_externa,"Dual Quad SPI, FMC",,fuente,ST STM32 MCU product selector,,2026-09-30,,https://www.st.com/content/st_com/en/stm32-mcu-product-selector.html,ProductsList.xlsx!STM32H743ZI
STM32H743ZI,interfaces_adicionales,"DFSDM, Ethenet, HDMI CEC, Parallel camera interface, S/PDIF, SAI, SD/MMC",,fuente,ST STM32 MCU product selector,,2026-09-30,,https://www.st.com/content/st_com/en/stm32-mcu-product-selector.html,ProductsList.xlsx!STM32H743ZI
STM32H743ZI,interfaz_registro,"Dual Quad SPI, FMC; DFSDM, Ethenet, HDMI CEC, Parallel camera interface, S/PDIF, SAI, SD/MMC",,fuente,ST STM32 MCU product selector,,2026-09-30,External Memory Interfaces; Additional Interfaces,https://www.st.com/content/st_com/en/stm32-mcu-product-selector.html,ProductsList.xlsx!STM32H743ZI
STM32H743ZI,criptografia,TRNG,,fuente,ST STM32 MCU product selector,,2026-09-30,"TRAMPA 1: aquí «ECC» es criptografía de curva elíptica, NO memoria con corrección de errores",https://www.st.com/content/st_com/en/stm32-mcu-product-selector.html,ProductsList.xlsx!STM32H743ZI
STM32H743ZI,corriente_run_ua_mhz,270,µA/MHz,fuente,ST STM32 MCU product selector,,2026-09-30,"typ; Run Mode por MHz según el selector; tensión, temperatura y ejecución desde flash/caché: ver ficha técnica (pendiente)",https://www.st.com/content/st_com/en/stm32-mcu-product-selector.html,ProductsList.xlsx!STM32H743ZI
STM32H743ZI,corriente_low_power_ua,4,µA,fuente,ST STM32 MCU product selector,,2026-09-30,typ; @ Lowest Power según el selector; qué modo exactamente: ver ficha técnica (pendiente),https://www.st.com/content/st_com/en/stm32-mcu-product-selector.html,ProductsList.xlsx!STM32H743ZI
STM32H743ZI,temp_min_c,-40,°C,fuente,ST STM32 MCU product selector,,2026-09-30,Operating Temperature del selector: depende del sufijo de temperatura del número de pieza que se pida,https://www.st.com/content/st_com/en/stm32-mcu-product-selector.html,ProductsList.xlsx!STM32H743ZI
STM32H743ZI,temp_max_c,85,°C,fuente,ST STM32 MCU product selector,,2026-09-30,Operating Temperature del selector: depende del sufijo de temperatura del número de pieza que se pida,https://www.st.com/content/st_com/en/stm32-mcu-product-selector.html,ProductsList.xlsx!STM32H743ZI
STM32F767ZI,familia,STM32,,fuente,ST STM32 MCU product selector,,2026-09-30,implícito: el selector solo contiene STM32,https://www.st.com/content/st_com/en/stm32-mcu-product-selector.html,ProductsList.xlsx!STM32F767ZI
STM32F767ZI,estado_comercial,Active,,fuente,ST STM32 MCU product selector,,2026-09-30,,https://www.st.com/content/st_com/en/stm32-mcu-product-selector.html,ProductsList.xlsx!STM32F767ZI
STM32F767ZI,encapsulado,LQFP 144 20x20x1.4 mm,,fuente,ST STM32 MCU product selector,,2026-09-30,,https://www.st.com/content/st_com/en/stm32-mcu-product-selector.html,ProductsList.xlsx!STM32F767ZI
STM32F767ZI,core,Arm Cortex-M7,,fuente,ST STM32 MCU product selector,,2026-09-30,,https://www.st.com/content/st_com/en/stm32-mcu-product-selector.html,ProductsList.xlsx!STM32F767ZI
STM32F767ZI,mhz,216,MHz,fuente,ST STM32 MCU product selector,,2026-09-30,,https://www.st.com/content/st_com/en/stm32-mcu-product-selector.html,ProductsList.xlsx!STM32F767ZI
STM32F767ZI,fpu,Double-precision FPU,,fuente,ST STM32 MCU product selector,,2026-09-30,,https://www.st.com/content/st_com/en/stm32-mcu-product-selector.html,ProductsList.xlsx!STM32F767ZI
STM32F767ZI,flash_kb,2048,kB,fuente,ST STM32 MCU product selector,,2026-09-30,,https://www.st.com/content/st_com/en/stm32-mcu-product-selector.html,ProductsList.xlsx!STM32F767ZI
STM32F767ZI,ram_kb,512,kB,fuente,ST STM32 MCU product selector,,2026-09-30,,https://www.st.com/content/st_com/en/stm32-mcu-product-selector.html,ProductsList.xlsx!STM32F767ZI
STM32F767ZI,spi,6,,fuente,ST STM32 MCU product selector,,2026-09-30,,https://www.st.com/content/st_com/en/stm32-mcu-product-selector.html,ProductsList.xlsx!STM32F767ZI
STM32F767ZI,usart,4,,fuente,ST STM32 MCU product selector,,2026-09-30,,https://www.st.com/content/st_com/en/stm32-mcu-product-selector.html,ProductsList.xlsx!STM32F767ZI
STM32F767ZI,uart,4,,fuente,ST STM32 MCU product selector,,2026-09-30,,https://www.st.com/content/st_com/en/stm32-mcu-product-selector.html,ProductsList.xlsx!STM32F767ZI
STM32F767ZI,uart_total,8,puertos,fuente,ST STM32 MCU product selector,,2026-09-30,suma USART + UART (trampa 2): USART typ='4' + UART typ='4',https://www.st.com/content/st_com/en/stm32-mcu-product-selector.html,ProductsList.xlsx!STM32F767ZI
STM32F767ZI,i2c,4,,fuente,ST STM32 MCU product selector,,2026-09-30,,https://www.st.com/content/st_com/en/stm32-mcu-product-selector.html,ProductsList.xlsx!STM32F767ZI
STM32F767ZI,can_fd,-,,fuente,ST STM32 MCU product selector,,2026-09-30,,https://www.st.com/content/st_com/en/stm32-mcu-product-selector.html,ProductsList.xlsx!STM32F767ZI
STM32F767ZI,can_20,3,,fuente,ST STM32 MCU product selector,,2026-09-30,,https://www.st.com/content/st_com/en/stm32-mcu-product-selector.html,ProductsList.xlsx!STM32F767ZI
STM32F767ZI,can_total,3,buses,fuente,ST STM32 MCU product selector,,2026-09-30,suma CAN (FD) + CAN (2.0) (trampa 2): CAN (FD)='-' + CAN (2.0)='3',https://www.st.com/content/st_com/en/stm32-mcu-product-selector.html,ProductsList.xlsx!STM32F767ZI
STM32F767ZI,adc_canales_12b,24,,fuente,ST STM32 MCU product selector,,2026-09-30,,https://www.st.com/content/st_com/en/stm32-mcu-product-selector.html,ProductsList.xlsx!STM32F767ZI
STM32F767ZI,adc_canales_14b,-,,fuente,ST STM32 MCU product selector,,2026-09-30,,https://www.st.com/content/st_com/en/stm32-mcu-product-selector.html,ProductsList.xlsx!STM32F767ZI
STM32F767ZI,adc_canales_16b,-,,fuente,ST STM32 MCU product selector,,2026-09-30,,https://www.st.com/content/st_com/en/stm32-mcu-product-selector.html,ProductsList.xlsx!STM32F767ZI
STM32F767ZI,adc_canales,24,canales,fuente,ST STM32 MCU product selector,,2026-09-30,máximo de los tres grupos de ADC (trampa 3): lo da el grupo de 12 bits,https://www.st.com/content/st_com/en/stm32-mcu-product-selector.html,ProductsList.xlsx!STM32F767ZI
STM32F767ZI,timers_16b,12,,fuente,ST STM32 MCU product selector,,2026-09-30,,https://www.st.com/content/st_com/en/stm32-mcu-product-selector.html,ProductsList.xlsx!STM32F767ZI
STM32F767ZI,timers_32b,2,,fuente,ST STM32 MCU product selector,,2026-09-30,,https://www.st.com/content/st_com/en/stm32-mcu-product-selector.html,ProductsList.xlsx!STM32F767ZI
STM32F767ZI,timers_total,14,timers,fuente,ST STM32 MCU product selector,,2026-09-30,suma 16-bit + 32-bit; los timers que ST pone en otras columnas no cuentan (trampa 5): Timers (16-bit) typ='12' + Timers (32-bit) typ='2',https://www.st.com/content/st_com/en/stm32-mcu-product-selector.html,ProductsList.xlsx!STM32F767ZI
STM32F767ZI,otras_funciones_timer,"Dual Watchdog, RTC, SysTick",,fuente,ST STM32 MCU product selector,,2026-09-30,Other timer functions (977): es la única parte paramétrica de la robustez (watchdog),https://www.st.com/content/st_com/en/stm32-mcu-product-selector.html,ProductsList.xlsx!STM32F767ZI
STM32F767ZI,memoria_externa,"Dual Quad SPI, FMC",,fuente,ST STM32 MCU product selector,,2026-09-30,,https://www.st.com/content/st_com/en/stm32-mcu-product-selector.html,ProductsList.xlsx!STM32F767ZI
STM32F767ZI,interfaces_adicionales,"DFSDM, Ethenet, HDMI CEC, Parallel camera interface, S/PDIF, SAI, SD/MMC",,fuente,ST STM32 MCU product selector,,2026-09-30,,https://www.st.com/content/st_com/en/stm32-mcu-product-selector.html,ProductsList.xlsx!STM32F767ZI
STM32F767ZI,interfaz_registro,"Dual Quad SPI, FMC; DFSDM, Ethenet, HDMI CEC, Parallel camera interface, S/PDIF, SAI, SD/MMC",,fuente,ST STM32 MCU product selector,,2026-09-30,External Memory Interfaces; Additional Interfaces,https://www.st.com/content/st_com/en/stm32-mcu-product-selector.html,ProductsList.xlsx!STM32F767ZI
STM32F767ZI,criptografia,TRNG,,fuente,ST STM32 MCU product selector,,2026-09-30,"TRAMPA 1: aquí «ECC» es criptografía de curva elíptica, NO memoria con corrección de errores",https://www.st.com/content/st_com/en/stm32-mcu-product-selector.html,ProductsList.xlsx!STM32F767ZI
STM32F767ZI,corriente_run_ua_mhz,420,µA/MHz,fuente,ST STM32 MCU product selector,,2026-09-30,"typ; Run Mode por MHz según el selector; tensión, temperatura y ejecución desde flash/caché: ver ficha técnica (pendiente)",https://www.st.com/content/st_com/en/stm32-mcu-product-selector.html,ProductsList.xlsx!STM32F767ZI
STM32F767ZI,corriente_low_power_ua,2.5,µA,fuente,ST STM32 MCU product selector,,2026-09-30,typ; @ Lowest Power según el selector; qué modo exactamente: ver ficha técnica (pendiente),https://www.st.com/content/st_com/en/stm32-mcu-product-selector.html,ProductsList.xlsx!STM32F767ZI
STM32F767ZI,temp_min_c,-40,°C,fuente,ST STM32 MCU product selector,,2026-09-30,Operating Temperature del selector: depende del sufijo de temperatura del número de pieza que se pida,https://www.st.com/content/st_com/en/stm32-mcu-product-selector.html,ProductsList.xlsx!STM32F767ZI
STM32F767ZI,temp_max_c,85,°C,fuente,ST STM32 MCU product selector,,2026-09-30,Operating Temperature del selector: depende del sufijo de temperatura del número de pieza que se pida,https://www.st.com/content/st_com/en/stm32-mcu-product-selector.html,ProductsList.xlsx!STM32F767ZI
STM32H563ZI,familia,STM32,,fuente,ST STM32 MCU product selector,,2026-09-30,implícito: el selector solo contiene STM32,https://www.st.com/content/st_com/en/stm32-mcu-product-selector.html,ProductsList.xlsx!STM32H563ZI
STM32H563ZI,estado_comercial,Active,,fuente,ST STM32 MCU product selector,,2026-09-30,,https://www.st.com/content/st_com/en/stm32-mcu-product-selector.html,ProductsList.xlsx!STM32H563ZI
STM32H563ZI,encapsulado,LQFP 144 20x20x1.4 mm,,fuente,ST STM32 MCU product selector,,2026-09-30,,https://www.st.com/content/st_com/en/stm32-mcu-product-selector.html,ProductsList.xlsx!STM32H563ZI
STM32H563ZI,core,Arm Cortex-M33,,fuente,ST STM32 MCU product selector,,2026-09-30,,https://www.st.com/content/st_com/en/stm32-mcu-product-selector.html,ProductsList.xlsx!STM32H563ZI
STM32H563ZI,mhz,250,MHz,fuente,ST STM32 MCU product selector,,2026-09-30,,https://www.st.com/content/st_com/en/stm32-mcu-product-selector.html,ProductsList.xlsx!STM32H563ZI
STM32H563ZI,fpu,Single-precision FPU,,fuente,ST STM32 MCU product selector,,2026-09-30,,https://www.st.com/content/st_com/en/stm32-mcu-product-selector.html,ProductsList.xlsx!STM32H563ZI
STM32H563ZI,flash_kb,2048,kB,fuente,ST STM32 MCU product selector,,2026-09-30,,https://www.st.com/content/st_com/en/stm32-mcu-product-selector.html,ProductsList.xlsx!STM32H563ZI
STM32H563ZI,ram_kb,640,kB,fuente,ST STM32 MCU product selector,,2026-09-30,,https://www.st.com/content/st_com/en/stm32-mcu-product-selector.html,ProductsList.xlsx!STM32H563ZI
STM32H563ZI,spi,6,,fuente,ST STM32 MCU product selector,,2026-09-30,,https://www.st.com/content/st_com/en/stm32-mcu-product-selector.html,ProductsList.xlsx!STM32H563ZI
STM32H563ZI,usart,6,,fuente,ST STM32 MCU product selector,,2026-09-30,,https://www.st.com/content/st_com/en/stm32-mcu-product-selector.html,ProductsList.xlsx!STM32H563ZI
STM32H563ZI,uart,7,,fuente,ST STM32 MCU product selector,,2026-09-30,,https://www.st.com/content/st_com/en/stm32-mcu-product-selector.html,ProductsList.xlsx!STM32H563ZI
STM32H563ZI,uart_total,13,puertos,fuente,ST STM32 MCU product selector,,2026-09-30,suma USART + UART (trampa 2): USART typ='6' + UART typ='7',https://www.st.com/content/st_com/en/stm32-mcu-product-selector.html,ProductsList.xlsx!STM32H563ZI
STM32H563ZI,i2c,4,,fuente,ST STM32 MCU product selector,,2026-09-30,,https://www.st.com/content/st_com/en/stm32-mcu-product-selector.html,ProductsList.xlsx!STM32H563ZI
STM32H563ZI,can_fd,2,,fuente,ST STM32 MCU product selector,,2026-09-30,,https://www.st.com/content/st_com/en/stm32-mcu-product-selector.html,ProductsList.xlsx!STM32H563ZI
STM32H563ZI,can_20,-,,fuente,ST STM32 MCU product selector,,2026-09-30,,https://www.st.com/content/st_com/en/stm32-mcu-product-selector.html,ProductsList.xlsx!STM32H563ZI
STM32H563ZI,can_total,2,buses,fuente,ST STM32 MCU product selector,,2026-09-30,suma CAN (FD) + CAN (2.0) (trampa 2): CAN (FD)='2' + CAN (2.0)='-',https://www.st.com/content/st_com/en/stm32-mcu-product-selector.html,ProductsList.xlsx!STM32H563ZI
STM32H563ZI,adc_canales_12b,18,,fuente,ST STM32 MCU product selector,,2026-09-30,"celda multivalor '18, 20' (una por variante de encapsulado): se toma el mínimo",https://www.st.com/content/st_com/en/stm32-mcu-product-selector.html,ProductsList.xlsx!STM32H563ZI
STM32H563ZI,adc_canales_14b,-,,fuente,ST STM32 MCU product selector,,2026-09-30,,https://www.st.com/content/st_com/en/stm32-mcu-product-selector.html,ProductsList.xlsx!STM32H563ZI
STM32H563ZI,adc_canales_16b,-,,fuente,ST STM32 MCU product selector,,2026-09-30,,https://www.st.com/content/st_com/en/stm32-mcu-product-selector.html,ProductsList.xlsx!STM32H563ZI
STM32H563ZI,adc_canales,18,canales,fuente,ST STM32 MCU product selector,,2026-09-30,máximo de los tres grupos de ADC (trampa 3): lo da el grupo de 12 bits,https://www.st.com/content/st_com/en/stm32-mcu-product-selector.html,ProductsList.xlsx!STM32H563ZI
STM32H563ZI,timers_16b,16,,fuente,ST STM32 MCU product selector,,2026-09-30,"celda multivalor '16, 20' (una por variante de encapsulado): se toma el mínimo",https://www.st.com/content/st_com/en/stm32-mcu-product-selector.html,ProductsList.xlsx!STM32H563ZI
STM32H563ZI,timers_32b,2,,fuente,ST STM32 MCU product selector,,2026-09-30,,https://www.st.com/content/st_com/en/stm32-mcu-product-selector.html,ProductsList.xlsx!STM32H563ZI
STM32H563ZI,timers_total,18,timers,fuente,ST STM32 MCU product selector,,2026-09-30,"suma 16-bit + 32-bit; los timers que ST pone en otras columnas no cuentan (trampa 5): Timers (16-bit) typ='16, 20' + Timers (32-bit) typ='2'",https://www.st.com/content/st_com/en/stm32-mcu-product-selector.html,ProductsList.xlsx!STM32H563ZI
STM32H563ZI,otras_funciones_timer,"Dual Watchdog, RTC, SysTick",,fuente,ST STM32 MCU product selector,,2026-09-30,Other timer functions (977): es la única parte paramétrica de la robustez (watchdog),https://www.st.com/content/st_com/en/stm32-mcu-product-selector.html,ProductsList.xlsx!STM32H563ZI
STM32H563ZI,memoria_externa,"FMC, Octo SPI",,fuente,ST STM32 MCU product selector,,2026-09-30,,https://www.st.com/content/st_com/en/stm32-mcu-product-selector.html,ProductsList.xlsx!STM32H563ZI
STM32H563ZI,interfaces_adicionales,"Camera Interface, Ethenet, Parallel camera interface, SAI, SD/MMC",,fuente,ST STM32 MCU product selector,,2026-09-30,,https://www.st.com/content/st_com/en/stm32-mcu-product-selector.html,ProductsList.xlsx!STM32H563ZI
STM32H563ZI,interfaz_registro,"FMC, Octo SPI; Camera Interface, Ethenet, Parallel camera interface, SAI, SD/MMC",,fuente,ST STM32 MCU product selector,,2026-09-30,External Memory Interfaces; Additional Interfaces,https://www.st.com/content/st_com/en/stm32-mcu-product-selector.html,ProductsList.xlsx!STM32H563ZI
STM32H563ZI,criptografia,"ECDSA, SHA-1, SHA-2, TRNG",,fuente,ST STM32 MCU product selector,,2026-09-30,"TRAMPA 1: aquí «ECC» es criptografía de curva elíptica, NO memoria con corrección de errores",https://www.st.com/content/st_com/en/stm32-mcu-product-selector.html,ProductsList.xlsx!STM32H563ZI
STM32H563ZI,corriente_run_ua_mhz,111,µA/MHz,fuente,ST STM32 MCU product selector,,2026-09-30,"typ; Run Mode por MHz según el selector; tensión, temperatura y ejecución desde flash/caché: ver ficha técnica (pendiente)",https://www.st.com/content/st_com/en/stm32-mcu-product-selector.html,ProductsList.xlsx!STM32H563ZI
STM32H563ZI,corriente_low_power_ua,0.03,µA,fuente,ST STM32 MCU product selector,,2026-09-30,typ; @ Lowest Power según el selector; qué modo exactamente: ver ficha técnica (pendiente),https://www.st.com/content/st_com/en/stm32-mcu-product-selector.html,ProductsList.xlsx!STM32H563ZI
STM32H563ZI,temp_min_c,-40,°C,fuente,ST STM32 MCU product selector,,2026-09-30,Operating Temperature del selector: depende del sufijo de temperatura del número de pieza que se pida,https://www.st.com/content/st_com/en/stm32-mcu-product-selector.html,ProductsList.xlsx!STM32H563ZI
STM32H563ZI,temp_max_c,125,°C,fuente,ST STM32 MCU product selector,,2026-09-30,Operating Temperature del selector: depende del sufijo de temperatura del número de pieza que se pida,https://www.st.com/content/st_com/en/stm32-mcu-product-selector.html,ProductsList.xlsx!STM32H563ZI
STM32L476RG,familia,STM32,,fuente,ST STM32 MCU product selector,,2026-09-30,implícito: el selector solo contiene STM32,https://www.st.com/content/st_com/en/stm32-mcu-product-selector.html,ProductsList.xlsx!STM32L476RG
STM32L476RG,estado_comercial,Active,,fuente,ST STM32 MCU product selector,,2026-09-30,,https://www.st.com/content/st_com/en/stm32-mcu-product-selector.html,ProductsList.xlsx!STM32L476RG
STM32L476RG,encapsulado,LQFP 64 10x10x1.4 mm,,fuente,ST STM32 MCU product selector,,2026-09-30,,https://www.st.com/content/st_com/en/stm32-mcu-product-selector.html,ProductsList.xlsx!STM32L476RG
STM32L476RG,core,Arm Cortex-M4,,fuente,ST STM32 MCU product selector,,2026-09-30,,https://www.st.com/content/st_com/en/stm32-mcu-product-selector.html,ProductsList.xlsx!STM32L476RG
STM32L476RG,mhz,80,MHz,fuente,ST STM32 MCU product selector,,2026-09-30,,https://www.st.com/content/st_com/en/stm32-mcu-product-selector.html,ProductsList.xlsx!STM32L476RG
STM32L476RG,fpu,Single-precision FPU,,fuente,ST STM32 MCU product selector,,2026-09-30,,https://www.st.com/content/st_com/en/stm32-mcu-product-selector.html,ProductsList.xlsx!STM32L476RG
STM32L476RG,flash_kb,1024,kB,fuente,ST STM32 MCU product selector,,2026-09-30,,https://www.st.com/content/st_com/en/stm32-mcu-product-selector.html,ProductsList.xlsx!STM32L476RG
STM32L476RG,ram_kb,128,kB,fuente,ST STM32 MCU product selector,,2026-09-30,,https://www.st.com/content/st_com/en/stm32-mcu-product-selector.html,ProductsList.xlsx!STM32L476RG
STM32L476RG,spi,3,,fuente,ST STM32 MCU product selector,,2026-09-30,,https://www.st.com/content/st_com/en/stm32-mcu-product-selector.html,ProductsList.xlsx!STM32L476RG
STM32L476RG,usart,3,,fuente,ST STM32 MCU product selector,,2026-09-30,,https://www.st.com/content/st_com/en/stm32-mcu-product-selector.html,ProductsList.xlsx!STM32L476RG
STM32L476RG,uart,2,,fuente,ST STM32 MCU product selector,,2026-09-30,,https://www.st.com/content/st_com/en/stm32-mcu-product-selector.html,ProductsList.xlsx!STM32L476RG
STM32L476RG,uart_total,5,puertos,fuente,ST STM32 MCU product selector,,2026-09-30,suma USART + UART (trampa 2): USART typ='3' + UART typ='2',https://www.st.com/content/st_com/en/stm32-mcu-product-selector.html,ProductsList.xlsx!STM32L476RG
STM32L476RG,i2c,3,,fuente,ST STM32 MCU product selector,,2026-09-30,,https://www.st.com/content/st_com/en/stm32-mcu-product-selector.html,ProductsList.xlsx!STM32L476RG
STM32L476RG,can_fd,-,,fuente,ST STM32 MCU product selector,,2026-09-30,,https://www.st.com/content/st_com/en/stm32-mcu-product-selector.html,ProductsList.xlsx!STM32L476RG
STM32L476RG,can_20,1,,fuente,ST STM32 MCU product selector,,2026-09-30,,https://www.st.com/content/st_com/en/stm32-mcu-product-selector.html,ProductsList.xlsx!STM32L476RG
STM32L476RG,can_total,1,buses,fuente,ST STM32 MCU product selector,,2026-09-30,suma CAN (FD) + CAN (2.0) (trampa 2): CAN (FD)='-' + CAN (2.0)='1',https://www.st.com/content/st_com/en/stm32-mcu-product-selector.html,ProductsList.xlsx!STM32L476RG
STM32L476RG,adc_canales_12b,16,,fuente,ST STM32 MCU product selector,,2026-09-30,,https://www.st.com/content/st_com/en/stm32-mcu-product-selector.html,ProductsList.xlsx!STM32L476RG
STM32L476RG,adc_canales_14b,-,,fuente,ST STM32 MCU product selector,,2026-09-30,,https://www.st.com/content/st_com/en/stm32-mcu-product-selector.html,ProductsList.xlsx!STM32L476RG
STM32L476RG,adc_canales_16b,-,,fuente,ST STM32 MCU product selector,,2026-09-30,,https://www.st.com/content/st_com/en/stm32-mcu-product-selector.html,ProductsList.xlsx!STM32L476RG
STM32L476RG,adc_canales,16,canales,fuente,ST STM32 MCU product selector,,2026-09-30,máximo de los tres grupos de ADC (trampa 3): lo da el grupo de 12 bits,https://www.st.com/content/st_com/en/stm32-mcu-product-selector.html,ProductsList.xlsx!STM32L476RG
STM32L476RG,timers_16b,9,,fuente,ST STM32 MCU product selector,,2026-09-30,,https://www.st.com/content/st_com/en/stm32-mcu-product-selector.html,ProductsList.xlsx!STM32L476RG
STM32L476RG,timers_32b,2,,fuente,ST STM32 MCU product selector,,2026-09-30,,https://www.st.com/content/st_com/en/stm32-mcu-product-selector.html,ProductsList.xlsx!STM32L476RG
STM32L476RG,timers_total,11,timers,fuente,ST STM32 MCU product selector,,2026-09-30,suma 16-bit + 32-bit; los timers que ST pone en otras columnas no cuentan (trampa 5): Timers (16-bit) typ='9' + Timers (32-bit) typ='2',https://www.st.com/content/st_com/en/stm32-mcu-product-selector.html,ProductsList.xlsx!STM32L476RG
STM32L476RG,otras_funciones_timer,"Dual Watchdog, RTC, SysTick",,fuente,ST STM32 MCU product selector,,2026-09-30,Other timer functions (977): es la única parte paramétrica de la robustez (watchdog),https://www.st.com/content/st_com/en/stm32-mcu-product-selector.html,ProductsList.xlsx!STM32L476RG
STM32L476RG,memoria_externa,"FMC, Quad SPI",,fuente,ST STM32 MCU product selector,,2026-09-30,,https://www.st.com/content/st_com/en/stm32-mcu-product-selector.html,ProductsList.xlsx!STM32L476RG
STM32L476RG,interfaces_adicionales,"DFSDM, SAI, SD/MMC",,fuente,ST STM32 MCU product selector,,2026-09-30,,https://www.st.com/content/st_com/en/stm32-mcu-product-selector.html,ProductsList.xlsx!STM32L476RG
STM32L476RG,interfaz_registro,"FMC, Quad SPI; DFSDM, SAI, SD/MMC",,fuente,ST STM32 MCU product selector,,2026-09-30,External Memory Interfaces; Additional Interfaces,https://www.st.com/content/st_com/en/stm32-mcu-product-selector.html,ProductsList.xlsx!STM32L476RG
STM32L476RG,criptografia,TRNG,,fuente,ST STM32 MCU product selector,,2026-09-30,"TRAMPA 1: aquí «ECC» es criptografía de curva elíptica, NO memoria con corrección de errores",https://www.st.com/content/st_com/en/stm32-mcu-product-selector.html,ProductsList.xlsx!STM32L476RG
STM32L476RG,corriente_run_ua_mhz,100,µA/MHz,fuente,ST STM32 MCU product selector,,2026-09-30,"typ; Run Mode por MHz según el selector; tensión, temperatura y ejecución desde flash/caché: ver ficha técnica (pendiente)",https://www.st.com/content/st_com/en/stm32-mcu-product-selector.html,ProductsList.xlsx!STM32L476RG
STM32L476RG,corriente_low_power_ua,0.03,µA,fuente,ST STM32 MCU product selector,,2026-09-30,typ; @ Lowest Power según el selector; qué modo exactamente: ver ficha técnica (pendiente),https://www.st.com/content/st_com/en/stm32-mcu-product-selector.html,ProductsList.xlsx!STM32L476RG
STM32L476RG,temp_min_c,-40,°C,fuente,ST STM32 MCU product selector,,2026-09-30,Operating Temperature del selector: depende del sufijo de temperatura del número de pieza que se pida,https://www.st.com/content/st_com/en/stm32-mcu-product-selector.html,ProductsList.xlsx!STM32L476RG
STM32L476RG,temp_max_c,125,°C,fuente,ST STM32 MCU product selector,,2026-09-30,Operating Temperature del selector: depende del sufijo de temperatura del número de pieza que se pida,https://www.st.com/content/st_com/en/stm32-mcu-product-selector.html,ProductsList.xlsx!STM32L476RG
STM32L552ZE,familia,STM32,,fuente,ST STM32 MCU product selector,,2026-09-30,implícito: el selector solo contiene STM32,https://www.st.com/content/st_com/en/stm32-mcu-product-selector.html,ProductsList.xlsx!STM32L552ZE
STM32L552ZE,estado_comercial,Active,,fuente,ST STM32 MCU product selector,,2026-09-30,,https://www.st.com/content/st_com/en/stm32-mcu-product-selector.html,ProductsList.xlsx!STM32L552ZE
STM32L552ZE,encapsulado,LQFP 144 20x20x1.4 mm,,fuente,ST STM32 MCU product selector,,2026-09-30,,https://www.st.com/content/st_com/en/stm32-mcu-product-selector.html,ProductsList.xlsx!STM32L552ZE
STM32L552ZE,core,Arm Cortex-M33,,fuente,ST STM32 MCU product selector,,2026-09-30,,https://www.st.com/content/st_com/en/stm32-mcu-product-selector.html,ProductsList.xlsx!STM32L552ZE
STM32L552ZE,mhz,110,MHz,fuente,ST STM32 MCU product selector,,2026-09-30,,https://www.st.com/content/st_com/en/stm32-mcu-product-selector.html,ProductsList.xlsx!STM32L552ZE
STM32L552ZE,fpu,Single-precision FPU,,fuente,ST STM32 MCU product selector,,2026-09-30,,https://www.st.com/content/st_com/en/stm32-mcu-product-selector.html,ProductsList.xlsx!STM32L552ZE
STM32L552ZE,flash_kb,512,kB,fuente,ST STM32 MCU product selector,,2026-09-30,,https://www.st.com/content/st_com/en/stm32-mcu-product-selector.html,ProductsList.xlsx!STM32L552ZE
STM32L552ZE,ram_kb,256,kB,fuente,ST STM32 MCU product selector,,2026-09-30,,https://www.st.com/content/st_com/en/stm32-mcu-product-selector.html,ProductsList.xlsx!STM32L552ZE
STM32L552ZE,spi,3,,fuente,ST STM32 MCU product selector,,2026-09-30,,https://www.st.com/content/st_com/en/stm32-mcu-product-selector.html,ProductsList.xlsx!STM32L552ZE
STM32L552ZE,usart,3,,fuente,ST STM32 MCU product selector,,2026-09-30,,https://www.st.com/content/st_com/en/stm32-mcu-product-selector.html,ProductsList.xlsx!STM32L552ZE
STM32L552ZE,uart,2,,fuente,ST STM32 MCU product selector,,2026-09-30,,https://www.st.com/content/st_com/en/stm32-mcu-product-selector.html,ProductsList.xlsx!STM32L552ZE
STM32L552ZE,uart_total,5,puertos,fuente,ST STM32 MCU product selector,,2026-09-30,suma USART + UART (trampa 2): USART typ='3' + UART typ='2',https://www.st.com/content/st_com/en/stm32-mcu-product-selector.html,ProductsList.xlsx!STM32L552ZE
STM32L552ZE,i2c,4,,fuente,ST STM32 MCU product selector,,2026-09-30,,https://www.st.com/content/st_com/en/stm32-mcu-product-selector.html,ProductsList.xlsx!STM32L552ZE
STM32L552ZE,can_fd,1,,fuente,ST STM32 MCU product selector,,2026-09-30,,https://www.st.com/content/st_com/en/stm32-mcu-product-selector.html,ProductsList.xlsx!STM32L552ZE
STM32L552ZE,can_20,-,,fuente,ST STM32 MCU product selector,,2026-09-30,,https://www.st.com/content/st_com/en/stm32-mcu-product-selector.html,ProductsList.xlsx!STM32L552ZE
STM32L552ZE,can_total,1,buses,fuente,ST STM32 MCU product selector,,2026-09-30,suma CAN (FD) + CAN (2.0) (trampa 2): CAN (FD)='1' + CAN (2.0)='-',https://www.st.com/content/st_com/en/stm32-mcu-product-selector.html,ProductsList.xlsx!STM32L552ZE
STM32L552ZE,adc_canales_12b,14,,fuente,ST STM32 MCU product selector,,2026-09-30,"celda multivalor '14, 16' (una por variante de encapsulado): se toma el mínimo",https://www.st.com/content/st_com/en/stm32-mcu-product-selector.html,ProductsList.xlsx!STM32L552ZE
STM32L552ZE,adc_canales_14b,-,,fuente,ST STM32 MCU product selector,,2026-09-30,,https://www.st.com/content/st_com/en/stm32-mcu-product-selector.html,ProductsList.xlsx!STM32L552ZE
STM32L552ZE,adc_canales_16b,-,,fuente,ST STM32 MCU product selector,,2026-09-30,,https://www.st.com/content/st_com/en/stm32-mcu-product-selector.html,ProductsList.xlsx!STM32L552ZE
STM32L552ZE,adc_canales,14,canales,fuente,ST STM32 MCU product selector,,2026-09-30,máximo de los tres grupos de ADC (trampa 3): lo da el grupo de 12 bits,https://www.st.com/content/st_com/en/stm32-mcu-product-selector.html,ProductsList.xlsx!STM32L552ZE
STM32L552ZE,timers_16b,9,,fuente,ST STM32 MCU product selector,,2026-09-30,,https://www.st.com/content/st_com/en/stm32-mcu-product-selector.html,ProductsList.xlsx!STM32L552ZE
STM32L552ZE,timers_32b,2,,fuente,ST STM32 MCU product selector,,2026-09-30,,https://www.st.com/content/st_com/en/stm32-mcu-product-selector.html,ProductsList.xlsx!STM32L552ZE
STM32L552ZE,timers_total,11,timers,fuente,ST STM32 MCU product selector,,2026-09-30,suma 16-bit + 32-bit; los timers que ST pone en otras columnas no cuentan (trampa 5): Timers (16-bit) typ='9' + Timers (32-bit) typ='2',https://www.st.com/content/st_com/en/stm32-mcu-product-selector.html,ProductsList.xlsx!STM32L552ZE
STM32L552ZE,otras_funciones_timer,"Dual Watchdog, RTC, SysTick",,fuente,ST STM32 MCU product selector,,2026-09-30,Other timer functions (977): es la única parte paramétrica de la robustez (watchdog),https://www.st.com/content/st_com/en/stm32-mcu-product-selector.html,ProductsList.xlsx!STM32L552ZE
STM32L552ZE,memoria_externa,"FMC, Octo SPI",,fuente,ST STM32 MCU product selector,,2026-09-30,,https://www.st.com/content/st_com/en/stm32-mcu-product-selector.html,ProductsList.xlsx!STM32L552ZE
STM32L552ZE,interfaces_adicionales,"DFSDM, SAI, SD/MMC",,fuente,ST STM32 MCU product selector,,2026-09-30,,https://www.st.com/content/st_com/en/stm32-mcu-product-selector.html,ProductsList.xlsx!STM32L552ZE
STM32L552ZE,interfaz_registro,"FMC, Octo SPI; DFSDM, SAI, SD/MMC",,fuente,ST STM32 MCU product selector,,2026-09-30,External Memory Interfaces; Additional Interfaces,https://www.st.com/content/st_com/en/stm32-mcu-product-selector.html,ProductsList.xlsx!STM32L552ZE
STM32L552ZE,criptografia,"MD5, SHA-1, TRNG",,fuente,ST STM32 MCU product selector,,2026-09-30,"TRAMPA 1: aquí «ECC» es criptografía de curva elíptica, NO memoria con corrección de errores",https://www.st.com/content/st_com/en/stm32-mcu-product-selector.html,ProductsList.xlsx!STM32L552ZE
STM32L552ZE,corriente_run_ua_mhz,96,µA/MHz,fuente,ST STM32 MCU product selector,,2026-09-30,"typ; Run Mode por MHz según el selector; tensión, temperatura y ejecución desde flash/caché: ver ficha técnica (pendiente)",https://www.st.com/content/st_com/en/stm32-mcu-product-selector.html,ProductsList.xlsx!STM32L552ZE
STM32L552ZE,corriente_low_power_ua,0.02,µA,fuente,ST STM32 MCU product selector,,2026-09-30,typ; @ Lowest Power según el selector; qué modo exactamente: ver ficha técnica (pendiente),https://www.st.com/content/st_com/en/stm32-mcu-product-selector.html,ProductsList.xlsx!STM32L552ZE
STM32L552ZE,temp_min_c,-40,°C,fuente,ST STM32 MCU product selector,,2026-09-30,Operating Temperature del selector: depende del sufijo de temperatura del número de pieza que se pida,https://www.st.com/content/st_com/en/stm32-mcu-product-selector.html,ProductsList.xlsx!STM32L552ZE
STM32L552ZE,temp_max_c,125,°C,fuente,ST STM32 MCU product selector,,2026-09-30,Operating Temperature del selector: depende del sufijo de temperatura del número de pieza que se pida,https://www.st.com/content/st_com/en/stm32-mcu-product-selector.html,ProductsList.xlsx!STM32L552ZE
STM32U385RG,familia,STM32,,fuente,ST STM32 MCU product selector,,2026-09-30,implícito: el selector solo contiene STM32,https://www.st.com/content/st_com/en/stm32-mcu-product-selector.html,ProductsList.xlsx!STM32U385RG
STM32U385RG,estado_comercial,Active,,fuente,ST STM32 MCU product selector,,2026-09-30,,https://www.st.com/content/st_com/en/stm32-mcu-product-selector.html,ProductsList.xlsx!STM32U385RG
STM32U385RG,encapsulado,"LQFP 64 10x10x1.4 mm, UFBGA 64 5x5x0.6 P 0.5 mm, WLCSP 68 3.2x3.1x0.58 P 0.35 mm",,fuente,ST STM32 MCU product selector,,2026-09-30,,https://www.st.com/content/st_com/en/stm32-mcu-product-selector.html,ProductsList.xlsx!STM32U385RG
STM32U385RG,core,Arm Cortex-M33,,fuente,ST STM32 MCU product selector,,2026-09-30,,https://www.st.com/content/st_com/en/stm32-mcu-product-selector.html,ProductsList.xlsx!STM32U385RG
STM32U385RG,mhz,96,MHz,fuente,ST STM32 MCU product selector,,2026-09-30,,https://www.st.com/content/st_com/en/stm32-mcu-product-selector.html,ProductsList.xlsx!STM32U385RG
STM32U385RG,fpu,Single-precision FPU,,fuente,ST STM32 MCU product selector,,2026-09-30,,https://www.st.com/content/st_com/en/stm32-mcu-product-selector.html,ProductsList.xlsx!STM32U385RG
STM32U385RG,flash_kb,1024,kB,fuente,ST STM32 MCU product selector,,2026-09-30,,https://www.st.com/content/st_com/en/stm32-mcu-product-selector.html,ProductsList.xlsx!STM32U385RG
STM32U385RG,ram_kb,256,kB,fuente,ST STM32 MCU product selector,,2026-09-30,,https://www.st.com/content/st_com/en/stm32-mcu-product-selector.html,ProductsList.xlsx!STM32U385RG
STM32U385RG,spi,3,,fuente,ST STM32 MCU product selector,,2026-09-30,,https://www.st.com/content/st_com/en/stm32-mcu-product-selector.html,ProductsList.xlsx!STM32U385RG
STM32U385RG,usart,3,,fuente,ST STM32 MCU product selector,,2026-09-30,,https://www.st.com/content/st_com/en/stm32-mcu-product-selector.html,ProductsList.xlsx!STM32U385RG
STM32U385RG,uart,2,,fuente,ST STM32 MCU product selector,,2026-09-30,,https://www.st.com/content/st_com/en/stm32-mcu-product-selector.html,ProductsList.xlsx!STM32U385RG
STM32U385RG,uart_total,5,puertos,fuente,ST STM32 MCU product selector,,2026-09-30,suma USART + UART (trampa 2): USART typ='3' + UART typ='2',https://www.st.com/content/st_com/en/stm32-mcu-product-selector.html,ProductsList.xlsx!STM32U385RG
STM32U385RG,i2c,2,,fuente,ST STM32 MCU product selector,,2026-09-30,,https://www.st.com/content/st_com/en/stm32-mcu-product-selector.html,ProductsList.xlsx!STM32U385RG
STM32U385RG,can_fd,1,,fuente,ST STM32 MCU product selector,,2026-09-30,,https://www.st.com/content/st_com/en/stm32-mcu-product-selector.html,ProductsList.xlsx!STM32U385RG
STM32U385RG,can_20,-,,fuente,ST STM32 MCU product selector,,2026-09-30,,https://www.st.com/content/st_com/en/stm32-mcu-product-selector.html,ProductsList.xlsx!STM32U385RG
STM32U385RG,can_total,1,buses,fuente,ST STM32 MCU product selector,,2026-09-30,suma CAN (FD) + CAN (2.0) (trampa 2): CAN (FD)='1' + CAN (2.0)='-',https://www.st.com/content/st_com/en/stm32-mcu-product-selector.html,ProductsList.xlsx!STM32U385RG
STM32U385RG,adc_canales_12b,15,,fuente,ST STM32 MCU product selector,,2026-09-30,"celda multivalor '15, 17' (una por variante de encapsulado): se toma el mínimo",https://www.st.com/content/st_com/en/stm32-mcu-product-selector.html,ProductsList.xlsx!STM32U385RG
STM32U385RG,adc_canales_14b,-,,fuente,ST STM32 MCU product selector,,2026-09-30,,https://www.st.com/content/st_com/en/stm32-mcu-product-selector.html,ProductsList.xlsx!STM32U385RG
STM32U385RG,adc_canales_16b,-,,fuente,ST STM32 MCU product selector,,2026-09-30,,https://www.st.com/content/st_com/en/stm32-mcu-product-selector.html,ProductsList.xlsx!STM32U385RG
STM32U385RG,adc_canales,15,canales,fuente,ST STM32 MCU product selector,,2026-09-30,máximo de los tres grupos de ADC (trampa 3): lo da el grupo de 12 bits,https://www.st.com/content/st_com/en/stm32-mcu-product-selector.html,ProductsList.xlsx!STM32U385RG
STM32U385RG,timers_16b,3,,fuente,ST STM32 MCU product selector,,2026-09-30,,https://www.st.com/content/st_com/en/stm32-mcu-product-selector.html,ProductsList.xlsx!STM32U385RG
STM32U385RG,timers_32b,3,,fuente,ST STM32 MCU product selector,,2026-09-30,,https://www.st.com/content/st_com/en/stm32-mcu-product-selector.html,ProductsList.xlsx!STM32U385RG
STM32U385RG,timers_total,6,timers,fuente,ST STM32 MCU product selector,,2026-09-30,suma 16-bit + 32-bit; los timers que ST pone en otras columnas no cuentan (trampa 5): Timers (16-bit) typ='3' + Timers (32-bit) typ='3',https://www.st.com/content/st_com/en/stm32-mcu-product-selector.html,ProductsList.xlsx!STM32U385RG
STM32U385RG,otras_funciones_timer,"Dual Watchdog, RTC, SysTick",,fuente,ST STM32 MCU product selector,,2026-09-30,Other timer functions (977): es la única parte paramétrica de la robustez (watchdog),https://www.st.com/content/st_com/en/stm32-mcu-product-selector.html,ProductsList.xlsx!STM32U385RG
STM32U385RG,memoria_externa,Octo SPI,,fuente,ST STM32 MCU product selector,,2026-09-30,,https://www.st.com/content/st_com/en/stm32-mcu-product-selector.html,ProductsList.xlsx!STM32U385RG
STM32U385RG,interfaces_adicionales,"ADF, SAI, SD/MMC",,fuente,ST STM32 MCU product selector,,2026-09-30,,https://www.st.com/content/st_com/en/stm32-mcu-product-selector.html,ProductsList.xlsx!STM32U385RG
STM32U385RG,interfaz_registro,"Octo SPI; ADF, SAI, SD/MMC",,fuente,ST STM32 MCU product selector,,2026-09-30,External Memory Interfaces; Additional Interfaces,https://www.st.com/content/st_com/en/stm32-mcu-product-selector.html,ProductsList.xlsx!STM32U385RG
STM32U385RG,criptografia,-,,fuente,ST STM32 MCU product selector,,2026-09-30,"TRAMPA 1: aquí «ECC» es criptografía de curva elíptica, NO memoria con corrección de errores",https://www.st.com/content/st_com/en/stm32-mcu-product-selector.html,ProductsList.xlsx!STM32U385RG
STM32U385RG,corriente_run_ua_mhz,14,µA/MHz,fuente,ST STM32 MCU product selector,,2026-09-30,"typ; Run Mode por MHz según el selector; tensión, temperatura y ejecución desde flash/caché: ver ficha técnica (pendiente)",https://www.st.com/content/st_com/en/stm32-mcu-product-selector.html,ProductsList.xlsx!STM32U385RG
STM32U385RG,corriente_low_power_ua,0.02,µA,fuente,ST STM32 MCU product selector,,2026-09-30,typ; @ Lowest Power según el selector; qué modo exactamente: ver ficha técnica (pendiente),https://www.st.com/content/st_com/en/stm32-mcu-product-selector.html,ProductsList.xlsx!STM32U385RG
STM32U385RG,temp_min_c,-40,°C,fuente,ST STM32 MCU product selector,,2026-09-30,Operating Temperature del selector: depende del sufijo de temperatura del número de pieza que se pida,https://www.st.com/content/st_com/en/stm32-mcu-product-selector.html,ProductsList.xlsx!STM32U385RG
STM32U385RG,temp_max_c,105,°C,fuente,ST STM32 MCU product selector,,2026-09-30,Operating Temperature del selector: depende del sufijo de temperatura del número de pieza que se pida,https://www.st.com/content/st_com/en/stm32-mcu-product-selector.html,ProductsList.xlsx!STM32U385RG
STM32U5A5ZJ,familia,STM32,,fuente,ST STM32 MCU product selector,,2026-09-30,implícito: el selector solo contiene STM32,https://www.st.com/content/st_com/en/stm32-mcu-product-selector.html,ProductsList.xlsx!STM32U5A5ZJ
STM32U5A5ZJ,estado_comercial,Active,,fuente,ST STM32 MCU product selector,,2026-09-30,,https://www.st.com/content/st_com/en/stm32-mcu-product-selector.html,ProductsList.xlsx!STM32U5A5ZJ
STM32U5A5ZJ,encapsulado,"LQFP 144 20x20x1.4 mm, WLCSP 150 5.38x5.47x0.6 P 0.4 mm",,fuente,ST STM32 MCU product selector,,2026-09-30,,https://www.st.com/content/st_com/en/stm32-mcu-product-selector.html,ProductsList.xlsx!STM32U5A5ZJ
STM32U5A5ZJ,core,Arm Cortex-M33,,fuente,ST STM32 MCU product selector,,2026-09-30,,https://www.st.com/content/st_com/en/stm32-mcu-product-selector.html,ProductsList.xlsx!STM32U5A5ZJ
STM32U5A5ZJ,mhz,160,MHz,fuente,ST STM32 MCU product selector,,2026-09-30,,https://www.st.com/content/st_com/en/stm32-mcu-product-selector.html,ProductsList.xlsx!STM32U5A5ZJ
STM32U5A5ZJ,fpu,Single-precision FPU,,fuente,ST STM32 MCU product selector,,2026-09-30,,https://www.st.com/content/st_com/en/stm32-mcu-product-selector.html,ProductsList.xlsx!STM32U5A5ZJ
STM32U5A5ZJ,flash_kb,4096,kB,fuente,ST STM32 MCU product selector,,2026-09-30,,https://www.st.com/content/st_com/en/stm32-mcu-product-selector.html,ProductsList.xlsx!STM32U5A5ZJ
STM32U5A5ZJ,ram_kb,2514,kB,fuente,ST STM32 MCU product selector,,2026-09-30,,https://www.st.com/content/st_com/en/stm32-mcu-product-selector.html,ProductsList.xlsx!STM32U5A5ZJ
STM32U5A5ZJ,spi,3,,fuente,ST STM32 MCU product selector,,2026-09-30,,https://www.st.com/content/st_com/en/stm32-mcu-product-selector.html,ProductsList.xlsx!STM32U5A5ZJ
STM32U5A5ZJ,usart,4,,fuente,ST STM32 MCU product selector,,2026-09-30,,https://www.st.com/content/st_com/en/stm32-mcu-product-selector.html,ProductsList.xlsx!STM32U5A5ZJ
STM32U5A5ZJ,uart,3,,fuente,ST STM32 MCU product selector,,2026-09-30,,https://www.st.com/content/st_com/en/stm32-mcu-product-selector.html,ProductsList.xlsx!STM32U5A5ZJ
STM32U5A5ZJ,uart_total,7,puertos,fuente,ST STM32 MCU product selector,,2026-09-30,suma USART + UART (trampa 2): USART typ='4' + UART typ='3',https://www.st.com/content/st_com/en/stm32-mcu-product-selector.html,ProductsList.xlsx!STM32U5A5ZJ
STM32U5A5ZJ,i2c,6,,fuente,ST STM32 MCU product selector,,2026-09-30,,https://www.st.com/content/st_com/en/stm32-mcu-product-selector.html,ProductsList.xlsx!STM32U5A5ZJ
STM32U5A5ZJ,can_fd,1,,fuente,ST STM32 MCU product selector,,2026-09-30,,https://www.st.com/content/st_com/en/stm32-mcu-product-selector.html,ProductsList.xlsx!STM32U5A5ZJ
STM32U5A5ZJ,can_20,-,,fuente,ST STM32 MCU product selector,,2026-09-30,,https://www.st.com/content/st_com/en/stm32-mcu-product-selector.html,ProductsList.xlsx!STM32U5A5ZJ
STM32U5A5ZJ,can_total,1,buses,fuente,ST STM32 MCU product selector,,2026-09-30,suma CAN (FD) + CAN (2.0) (trampa 2): CAN (FD)='1' + CAN (2.0)='-',https://www.st.com/content/st_com/en/stm32-mcu-product-selector.html,ProductsList.xlsx!STM32U5A5ZJ
STM32U5A5ZJ,adc_canales_12b,22,,fuente,ST STM32 MCU product selector,,2026-09-30,"celda multivalor '22, 24' (una por variante de encapsulado): se toma el mínimo",https://www.st.com/content/st_com/en/stm32-mcu-product-selector.html,ProductsList.xlsx!STM32U5A5ZJ
STM32U5A5ZJ,adc_canales_14b,22,,fuente,ST STM32 MCU product selector,,2026-09-30,"celda multivalor '22, 24' (una por variante de encapsulado): se toma el mínimo",https://www.st.com/content/st_com/en/stm32-mcu-product-selector.html,ProductsList.xlsx!STM32U5A5ZJ
STM32U5A5ZJ,adc_canales_16b,-,,fuente,ST STM32 MCU product selector,,2026-09-30,,https://www.st.com/content/st_com/en/stm32-mcu-product-selector.html,ProductsList.xlsx!STM32U5A5ZJ
STM32U5A5ZJ,adc_canales,22,canales,fuente,ST STM32 MCU product selector,,2026-09-30,máximo de los tres grupos de ADC (trampa 3): lo da el grupo de 12 bits,https://www.st.com/content/st_com/en/stm32-mcu-product-selector.html,ProductsList.xlsx!STM32U5A5ZJ
STM32U5A5ZJ,timers_16b,11,,fuente,ST STM32 MCU product selector,,2026-09-30,,https://www.st.com/content/st_com/en/stm32-mcu-product-selector.html,ProductsList.xlsx!STM32U5A5ZJ
STM32U5A5ZJ,timers_32b,4,,fuente,ST STM32 MCU product selector,,2026-09-30,,https://www.st.com/content/st_com/en/stm32-mcu-product-selector.html,ProductsList.xlsx!STM32U5A5ZJ
STM32U5A5ZJ,timers_total,15,timers,fuente,ST STM32 MCU product selector,,2026-09-30,suma 16-bit + 32-bit; los timers que ST pone en otras columnas no cuentan (trampa 5): Timers (16-bit) typ='11' + Timers (32-bit) typ='4',https://www.st.com/content/st_com/en/stm32-mcu-product-selector.html,ProductsList.xlsx!STM32U5A5ZJ
STM32U5A5ZJ,otras_funciones_timer,"Dual Watchdog, RTC, SysTick",,fuente,ST STM32 MCU product selector,,2026-09-30,Other timer functions (977): es la única parte paramétrica de la robustez (watchdog),https://www.st.com/content/st_com/en/stm32-mcu-product-selector.html,ProductsList.xlsx!STM32U5A5ZJ
STM32U5A5ZJ,memoria_externa,"Dual Octo SPI, Quad SPI",,fuente,ST STM32 MCU product selector,,2026-09-30,,https://www.st.com/content/st_com/en/stm32-mcu-product-selector.html,ProductsList.xlsx!STM32U5A5ZJ
STM32U5A5ZJ,interfaces_adicionales,-,,fuente,ST STM32 MCU product selector,,2026-09-30,,https://www.st.com/content/st_com/en/stm32-mcu-product-selector.html,ProductsList.xlsx!STM32U5A5ZJ
STM32U5A5ZJ,interfaz_registro,"Dual Octo SPI, Quad SPI; -",,fuente,ST STM32 MCU product selector,,2026-09-30,External Memory Interfaces; Additional Interfaces,https://www.st.com/content/st_com/en/stm32-mcu-product-selector.html,ProductsList.xlsx!STM32U5A5ZJ
STM32U5A5ZJ,criptografia,"AES, MD5, OTF DEC, S-AES, S-ECC, S-RSA, SHA-1, TRNG",,fuente,ST STM32 MCU product selector,,2026-09-30,"TRAMPA 1: aquí «ECC» es criptografía de curva elíptica, NO memoria con corrección de errores",https://www.st.com/content/st_com/en/stm32-mcu-product-selector.html,ProductsList.xlsx!STM32U5A5ZJ
STM32U5A5ZJ,corriente_run_ua_mhz,26,µA/MHz,fuente,ST STM32 MCU product selector,,2026-09-30,"typ; Run Mode por MHz según el selector; tensión, temperatura y ejecución desde flash/caché: ver ficha técnica (pendiente)",https://www.st.com/content/st_com/en/stm32-mcu-product-selector.html,ProductsList.xlsx!STM32U5A5ZJ
STM32U5A5ZJ,corriente_low_power_ua,0.02,µA,fuente,ST STM32 MCU product selector,,2026-09-30,typ; @ Lowest Power según el selector; qué modo exactamente: ver ficha técnica (pendiente),https://www.st.com/content/st_com/en/stm32-mcu-product-selector.html,ProductsList.xlsx!STM32U5A5ZJ
STM32U5A5ZJ,temp_min_c,-40,°C,fuente,ST STM32 MCU product selector,,2026-09-30,Operating Temperature del selector: depende del sufijo de temperatura del número de pieza que se pida,https://www.st.com/content/st_com/en/stm32-mcu-product-selector.html,ProductsList.xlsx!STM32U5A5ZJ
STM32U5A5ZJ,temp_max_c,125,°C,fuente,ST STM32 MCU product selector,,2026-09-30,Operating Temperature del selector: depende del sufijo de temperatura del número de pieza que se pida,https://www.st.com/content/st_com/en/stm32-mcu-product-selector.html,ProductsList.xlsx!STM32U5A5ZJ
STM32C5A3ZG,familia,STM32,,fuente,ST STM32 MCU product selector,,2026-09-30,implícito: el selector solo contiene STM32,https://www.st.com/content/st_com/en/stm32-mcu-product-selector.html,ProductsList.xlsx!STM32C5A3ZG
STM32C5A3ZG,estado_comercial,Active,,fuente,ST STM32 MCU product selector,,2026-09-30,,https://www.st.com/content/st_com/en/stm32-mcu-product-selector.html,ProductsList.xlsx!STM32C5A3ZG
STM32C5A3ZG,encapsulado,LQFP 144 20x20x1.4 mm,,fuente,ST STM32 MCU product selector,,2026-09-30,,https://www.st.com/content/st_com/en/stm32-mcu-product-selector.html,ProductsList.xlsx!STM32C5A3ZG
STM32C5A3ZG,core,Arm Cortex-M33,,fuente,ST STM32 MCU product selector,,2026-09-30,,https://www.st.com/content/st_com/en/stm32-mcu-product-selector.html,ProductsList.xlsx!STM32C5A3ZG
STM32C5A3ZG,mhz,144,MHz,fuente,ST STM32 MCU product selector,,2026-09-30,,https://www.st.com/content/st_com/en/stm32-mcu-product-selector.html,ProductsList.xlsx!STM32C5A3ZG
STM32C5A3ZG,fpu,Single-precision FPU,,fuente,ST STM32 MCU product selector,,2026-09-30,,https://www.st.com/content/st_com/en/stm32-mcu-product-selector.html,ProductsList.xlsx!STM32C5A3ZG
STM32C5A3ZG,flash_kb,1024,kB,fuente,ST STM32 MCU product selector,,2026-09-30,,https://www.st.com/content/st_com/en/stm32-mcu-product-selector.html,ProductsList.xlsx!STM32C5A3ZG
STM32C5A3ZG,ram_kb,256,kB,fuente,ST STM32 MCU product selector,,2026-09-30,,https://www.st.com/content/st_com/en/stm32-mcu-product-selector.html,ProductsList.xlsx!STM32C5A3ZG
STM32C5A3ZG,spi,3,,fuente,ST STM32 MCU product selector,,2026-09-30,,https://www.st.com/content/st_com/en/stm32-mcu-product-selector.html,ProductsList.xlsx!STM32C5A3ZG
STM32C5A3ZG,usart,4,,fuente,ST STM32 MCU product selector,,2026-09-30,,https://www.st.com/content/st_com/en/stm32-mcu-product-selector.html,ProductsList.xlsx!STM32C5A3ZG
STM32C5A3ZG,uart,3,,fuente,ST STM32 MCU product selector,,2026-09-30,,https://www.st.com/content/st_com/en/stm32-mcu-product-selector.html,ProductsList.xlsx!STM32C5A3ZG
STM32C5A3ZG,uart_total,7,puertos,fuente,ST STM32 MCU product selector,,2026-09-30,suma USART + UART (trampa 2): USART typ='4' + UART typ='3',https://www.st.com/content/st_com/en/stm32-mcu-product-selector.html,ProductsList.xlsx!STM32C5A3ZG
STM32C5A3ZG,i2c,2,,fuente,ST STM32 MCU product selector,,2026-09-30,,https://www.st.com/content/st_com/en/stm32-mcu-product-selector.html,ProductsList.xlsx!STM32C5A3ZG
STM32C5A3ZG,can_fd,2,,fuente,ST STM32 MCU product selector,,2026-09-30,,https://www.st.com/content/st_com/en/stm32-mcu-product-selector.html,ProductsList.xlsx!STM32C5A3ZG
STM32C5A3ZG,can_20,-,,fuente,ST STM32 MCU product selector,,2026-09-30,,https://www.st.com/content/st_com/en/stm32-mcu-product-selector.html,ProductsList.xlsx!STM32C5A3ZG
STM32C5A3ZG,can_total,2,buses,fuente,ST STM32 MCU product selector,,2026-09-30,suma CAN (FD) + CAN (2.0) (trampa 2): CAN (FD)='2' + CAN (2.0)='-',https://www.st.com/content/st_com/en/stm32-mcu-product-selector.html,ProductsList.xlsx!STM32C5A3ZG
STM32C5A3ZG,adc_canales_12b,28,,fuente,ST STM32 MCU product selector,,2026-09-30,,https://www.st.com/content/st_com/en/stm32-mcu-product-selector.html,ProductsList.xlsx!STM32C5A3ZG
STM32C5A3ZG,adc_canales_14b,-,,fuente,ST STM32 MCU product selector,,2026-09-30,,https://www.st.com/content/st_com/en/stm32-mcu-product-selector.html,ProductsList.xlsx!STM32C5A3ZG
STM32C5A3ZG,adc_canales_16b,-,,fuente,ST STM32 MCU product selector,,2026-09-30,,https://www.st.com/content/st_com/en/stm32-mcu-product-selector.html,ProductsList.xlsx!STM32C5A3ZG
STM32C5A3ZG,adc_canales,28,canales,fuente,ST STM32 MCU product selector,,2026-09-30,máximo de los tres grupos de ADC (trampa 3): lo da el grupo de 12 bits,https://www.st.com/content/st_com/en/stm32-mcu-product-selector.html,ProductsList.xlsx!STM32C5A3ZG
STM32C5A3ZG,timers_16b,8,,fuente,ST STM32 MCU product selector,,2026-09-30,,https://www.st.com/content/st_com/en/stm32-mcu-product-selector.html,ProductsList.xlsx!STM32C5A3ZG
STM32C5A3ZG,timers_32b,4,,fuente,ST STM32 MCU product selector,,2026-09-30,,https://www.st.com/content/st_com/en/stm32-mcu-product-selector.html,ProductsList.xlsx!STM32C5A3ZG
STM32C5A3ZG,timers_total,12,timers,fuente,ST STM32 MCU product selector,,2026-09-30,suma 16-bit + 32-bit; los timers que ST pone en otras columnas no cuentan (trampa 5): Timers (16-bit) typ='8' + Timers (32-bit) typ='4',https://www.st.com/content/st_com/en/stm32-mcu-product-selector.html,ProductsList.xlsx!STM32C5A3ZG
STM32C5A3ZG,otras_funciones_timer,"IWDG, LP timer, RTC, SysTick, WWDG",,fuente,ST STM32 MCU product selector,,2026-09-30,Other timer functions (977): es la única parte paramétrica de la robustez (watchdog),https://www.st.com/content/st_com/en/stm32-mcu-product-selector.html,ProductsList.xlsx!STM32C5A3ZG
STM32C5A3ZG,memoria_externa,Octo SPI,,fuente,ST STM32 MCU product selector,,2026-09-30,,https://www.st.com/content/st_com/en/stm32-mcu-product-selector.html,ProductsList.xlsx!STM32C5A3ZG
STM32C5A3ZG,interfaces_adicionales,Ethenet,,fuente,ST STM32 MCU product selector,,2026-09-30,,https://www.st.com/content/st_com/en/stm32-mcu-product-selector.html,ProductsList.xlsx!STM32C5A3ZG
STM32C5A3ZG,interfaz_registro,Octo SPI; Ethenet,,fuente,ST STM32 MCU product selector,,2026-09-30,External Memory Interfaces; Additional Interfaces,https://www.st.com/content/st_com/en/stm32-mcu-product-selector.html,ProductsList.xlsx!STM32C5A3ZG
STM32C5A3ZG,criptografia,"HASH, PKA, SHA-1, SHA-2, TRNG",,fuente,ST STM32 MCU product selector,,2026-09-30,"TRAMPA 1: aquí «ECC» es criptografía de curva elíptica, NO memoria con corrección de errores",https://www.st.com/content/st_com/en/stm32-mcu-product-selector.html,ProductsList.xlsx!STM32C5A3ZG
STM32C5A3ZG,corriente_run_ua_mhz,75,µA/MHz,fuente,ST STM32 MCU product selector,,2026-09-30,"typ; Run Mode por MHz según el selector; tensión, temperatura y ejecución desde flash/caché: ver ficha técnica (pendiente)",https://www.st.com/content/st_com/en/stm32-mcu-product-selector.html,ProductsList.xlsx!STM32C5A3ZG
STM32C5A3ZG,corriente_low_power_ua,3,µA,fuente,ST STM32 MCU product selector,,2026-09-30,typ; @ Lowest Power según el selector; qué modo exactamente: ver ficha técnica (pendiente),https://www.st.com/content/st_com/en/stm32-mcu-product-selector.html,ProductsList.xlsx!STM32C5A3ZG
STM32C5A3ZG,temp_min_c,-40,°C,fuente,ST STM32 MCU product selector,,2026-09-30,Operating Temperature del selector: depende del sufijo de temperatura del número de pieza que se pida,https://www.st.com/content/st_com/en/stm32-mcu-product-selector.html,ProductsList.xlsx!STM32C5A3ZG
STM32C5A3ZG,temp_max_c,85,°C,fuente,ST STM32 MCU product selector,,2026-09-30,Operating Temperature del selector: depende del sufijo de temperatura del número de pieza que se pida,https://www.st.com/content/st_com/en/stm32-mcu-product-selector.html,ProductsList.xlsx!STM32C5A3ZG
STM32F405RG,familia,STM32,,fuente,ST STM32 MCU product selector,,2026-09-30,implícito: el selector solo contiene STM32,https://www.st.com/content/st_com/en/stm32-mcu-product-selector.html,ProductsList.xlsx!STM32F405RG
STM32F405RG,estado_comercial,Active,,fuente,ST STM32 MCU product selector,,2026-09-30,,https://www.st.com/content/st_com/en/stm32-mcu-product-selector.html,ProductsList.xlsx!STM32F405RG
STM32F405RG,encapsulado,LQFP 64 10x10x1.4 mm,,fuente,ST STM32 MCU product selector,,2026-09-30,,https://www.st.com/content/st_com/en/stm32-mcu-product-selector.html,ProductsList.xlsx!STM32F405RG
STM32F405RG,core,Arm Cortex-M4,,fuente,ST STM32 MCU product selector,,2026-09-30,,https://www.st.com/content/st_com/en/stm32-mcu-product-selector.html,ProductsList.xlsx!STM32F405RG
STM32F405RG,mhz,168,MHz,fuente,ST STM32 MCU product selector,,2026-09-30,,https://www.st.com/content/st_com/en/stm32-mcu-product-selector.html,ProductsList.xlsx!STM32F405RG
STM32F405RG,fpu,Single-precision FPU,,fuente,ST STM32 MCU product selector,,2026-09-30,,https://www.st.com/content/st_com/en/stm32-mcu-product-selector.html,ProductsList.xlsx!STM32F405RG
STM32F405RG,flash_kb,1024,kB,fuente,ST STM32 MCU product selector,,2026-09-30,,https://www.st.com/content/st_com/en/stm32-mcu-product-selector.html,ProductsList.xlsx!STM32F405RG
STM32F405RG,ram_kb,192,kB,fuente,ST STM32 MCU product selector,,2026-09-30,,https://www.st.com/content/st_com/en/stm32-mcu-product-selector.html,ProductsList.xlsx!STM32F405RG
STM32F405RG,spi,3,,fuente,ST STM32 MCU product selector,,2026-09-30,,https://www.st.com/content/st_com/en/stm32-mcu-product-selector.html,ProductsList.xlsx!STM32F405RG
STM32F405RG,usart,4,,fuente,ST STM32 MCU product selector,,2026-09-30,,https://www.st.com/content/st_com/en/stm32-mcu-product-selector.html,ProductsList.xlsx!STM32F405RG
STM32F405RG,uart,2,,fuente,ST STM32 MCU product selector,,2026-09-30,,https://www.st.com/content/st_com/en/stm32-mcu-product-selector.html,ProductsList.xlsx!STM32F405RG
STM32F405RG,uart_total,6,puertos,fuente,ST STM32 MCU product selector,,2026-09-30,suma USART + UART (trampa 2): USART typ='4' + UART typ='2',https://www.st.com/content/st_com/en/stm32-mcu-product-selector.html,ProductsList.xlsx!STM32F405RG
STM32F405RG,i2c,3,,fuente,ST STM32 MCU product selector,,2026-09-30,,https://www.st.com/content/st_com/en/stm32-mcu-product-selector.html,ProductsList.xlsx!STM32F405RG
STM32F405RG,can_fd,-,,fuente,ST STM32 MCU product selector,,2026-09-30,,https://www.st.com/content/st_com/en/stm32-mcu-product-selector.html,ProductsList.xlsx!STM32F405RG
STM32F405RG,can_20,2,,fuente,ST STM32 MCU product selector,,2026-09-30,,https://www.st.com/content/st_com/en/stm32-mcu-product-selector.html,ProductsList.xlsx!STM32F405RG
STM32F405RG,can_total,2,buses,fuente,ST STM32 MCU product selector,,2026-09-30,suma CAN (FD) + CAN (2.0) (trampa 2): CAN (FD)='-' + CAN (2.0)='2',https://www.st.com/content/st_com/en/stm32-mcu-product-selector.html,ProductsList.xlsx!STM32F405RG
STM32F405RG,adc_canales_12b,16,,fuente,ST STM32 MCU product selector,,2026-09-30,,https://www.st.com/content/st_com/en/stm32-mcu-product-selector.html,ProductsList.xlsx!STM32F405RG
STM32F405RG,adc_canales_14b,-,,fuente,ST STM32 MCU product selector,,2026-09-30,,https://www.st.com/content/st_com/en/stm32-mcu-product-selector.html,ProductsList.xlsx!STM32F405RG
STM32F405RG,adc_canales_16b,-,,fuente,ST STM32 MCU product selector,,2026-09-30,,https://www.st.com/content/st_com/en/stm32-mcu-product-selector.html,ProductsList.xlsx!STM32F405RG
STM32F405RG,adc_canales,16,canales,fuente,ST STM32 MCU product selector,,2026-09-30,máximo de los tres grupos de ADC (trampa 3): lo da el grupo de 12 bits,https://www.st.com/content/st_com/en/stm32-mcu-product-selector.html,ProductsList.xlsx!STM32F405RG
STM32F405RG,timers_16b,12,,fuente,ST STM32 MCU product selector,,2026-09-30,,https://www.st.com/content/st_com/en/stm32-mcu-product-selector.html,ProductsList.xlsx!STM32F405RG
STM32F405RG,timers_32b,2,,fuente,ST STM32 MCU product selector,,2026-09-30,,https://www.st.com/content/st_com/en/stm32-mcu-product-selector.html,ProductsList.xlsx!STM32F405RG
STM32F405RG,timers_total,14,timers,fuente,ST STM32 MCU product selector,,2026-09-30,suma 16-bit + 32-bit; los timers que ST pone en otras columnas no cuentan (trampa 5): Timers (16-bit) typ='12' + Timers (32-bit) typ='2',https://www.st.com/content/st_com/en/stm32-mcu-product-selector.html,ProductsList.xlsx!STM32F405RG
STM32F405RG,otras_funciones_timer,"Dual Watchdog, RTC, SysTick",,fuente,ST STM32 MCU product selector,,2026-09-30,Other timer functions (977): es la única parte paramétrica de la robustez (watchdog),https://www.st.com/content/st_com/en/stm32-mcu-product-selector.html,ProductsList.xlsx!STM32F405RG
STM32F405RG,memoria_externa,FSMC,,fuente,ST STM32 MCU product selector,,2026-09-30,,https://www.st.com/content/st_com/en/stm32-mcu-product-selector.html,ProductsList.xlsx!STM32F405RG
STM32F405RG,interfaces_adicionales,SD/MMC,,fuente,ST STM32 MCU product selector,,2026-09-30,,https://www.st.com/content/st_com/en/stm32-mcu-product-selector.html,ProductsList.xlsx!STM32F405RG
STM32F405RG,interfaz_registro,FSMC; SD/MMC,,fuente,ST STM32 MCU product selector,,2026-09-30,External Memory Interfaces; Additional Interfaces,https://www.st.com/content/st_com/en/stm32-mcu-product-selector.html,ProductsList.xlsx!STM32F405RG
STM32F405RG,criptografia,TRNG,,fuente,ST STM32 MCU product selector,,2026-09-30,"TRAMPA 1: aquí «ECC» es criptografía de curva elíptica, NO memoria con corrección de errores",https://www.st.com/content/st_com/en/stm32-mcu-product-selector.html,ProductsList.xlsx!STM32F405RG
STM32F405RG,corriente_run_ua_mhz,215,µA/MHz,fuente,ST STM32 MCU product selector,,2026-09-30,"typ; Run Mode por MHz según el selector; tensión, temperatura y ejecución desde flash/caché: ver ficha técnica (pendiente)",https://www.st.com/content/st_com/en/stm32-mcu-product-selector.html,ProductsList.xlsx!STM32F405RG
STM32F405RG,corriente_low_power_ua,1.7,µA,fuente,ST STM32 MCU product selector,,2026-09-30,typ; @ Lowest Power según el selector; qué modo exactamente: ver ficha técnica (pendiente),https://www.st.com/content/st_com/en/stm32-mcu-product-selector.html,ProductsList.xlsx!STM32F405RG
STM32F405RG,temp_min_c,-40,°C,fuente,ST STM32 MCU product selector,,2026-09-30,Operating Temperature del selector: depende del sufijo de temperatura del número de pieza que se pida,https://www.st.com/content/st_com/en/stm32-mcu-product-selector.html,ProductsList.xlsx!STM32F405RG
STM32F405RG,temp_max_c,105,°C,fuente,ST STM32 MCU product selector,,2026-09-30,Operating Temperature del selector: depende del sufijo de temperatura del número de pieza que se pida,https://www.st.com/content/st_com/en/stm32-mcu-product-selector.html,ProductsList.xlsx!STM32F405RG
