id,criterio,que_mide,consecuencia,severidad,no_detectabilidad,etiqueta,familia,selector_param,umbral_relacionado
calculo,Margen de cálculo del filtro,"% de CPU libre con el EKF corriendo a la frecuencia objetivo, medido en una Nucleo, no estimado.","El filtro no cierra a tiempo, pierdo la estimación de actitud y no detecto el apogeo. Pierdo el cohete.",5,2,calculo+criterio_propio,recursos_vuelo,— no paramétrico: se mide con el contador DWT en una Nucleo,
precision,Precisión numérica y marco de referencia,"FPU de doble precisión, o float con un marco local ENU justificado con el cálculo de resolución.",Las covarianzas divergen en silencio. Le pasó a ArduPilot y se arregló repitiendo el cálculo en doble precisión.,5,4,fuente+calculo,fallo_silencioso,FPU (5529): Double-precision frente a Single-precision,T02
perifericos,Margen de periféricos y patillas,"Buses y patillas libres POR ENCIMA del umbral, ya rutados en CubeMX.","Rediseño de PCB o un sensor que se me cae del diseño. Me cuesta programa, no cohete.",3,1,criterio_propio,programa_equipo,— no paramétrico: rutado en CubeMX,T03;T04;T05;T06;T08;T09
registro,Arquitectura y ancho de banda del registro,SDMMC/QSPI con DMA y memoria suficiente para la duración de misión de diseño.,Me quedo sin datos a mitad de vuelo. Le pasó al altímetro de respaldo de USC a los 375 s de 754 s.,3,3,vuelo+calculo,recursos_vuelo,External Memory Interfaces / Additional Interfaces (5440/5439),T07
consumo,Consumo durante la espera en rampa,"Consumo medio × 6 h frente a mi presupuesto de batería. La rampa dimensiona la batería, no el vuelo.",La batería no llega al despegue o subo masa de más. Vuelo abortado.,4,2,fuente+calculo,recursos_vuelo,Supply Current Run Mode per MHz (4409); Supply Current @ Lowest Power (4343),
robustez,Funciones de robustez,"ECC en RAM/Flash, watchdog independiente con ventana, sistema de seguridad de reloj (CSS), detector de caída de tensión.",Un reinicio o un bit alterado en vuelo sin nada que lo cace. No se reproduce en el banco.,5,5,fuente,fallo_silencioso,"Other timer functions (977): solo el watchdog. ECC de memoria, CSS y BOR no son paramétricos: ficha técnica y AN5342",
continuidad,Continuidad con el equipo y ecosistema,¿Lo vuela ya Faraday? ¿Reutilizo drivers? ¿Hay soporte HAL y ejemplos?,Repito trabajo que el equipo ya tenía hecho y nadie sabe mantener mi placa.,2,2,criterio_propio,programa_equipo,— no paramétrico,
calendario,Riesgo de calendario,"Cuánto me cuesta arrancarlo: caché, MPU y DMA del M7 frente a un M4 que arranca directo desde CubeMX.","No entrego a tiempo, o entrego algo superficial que no aguanta las preguntas.",3,1,criterio_propio,programa_equipo,— no paramétrico,
coste,Coste y disponibilidad real,"Precio unitario, plazo de entrega y programa de longevidad.",No me llega la pieza. La escasez de STM32H7 de 2021 es el precedente.,2,1,vuelo+fuente,programa_equipo,— no paramétrico: el selector no tiene precio (distribuidor),
