id,funcion,para_que,modelo,cantidad,justificacion,bus,bytes_lectura,frecuencia_hz,etiqueta,fuente,revision,bahia,critico,fila_origen
S01,estimar_estado,Actitud y aceleración en las tres fases del vuelo,IMU 6 ejes ICM-42686-P,1,"Descarto el MPU6050, con el que ya he trabajado, por sus limitaciones. Frente al ICM-42688-P, que es el que más usan los equipos de cohetería, el 42686-P dobla los límites programables: ±32 g y ±4.000 °/s, y eso me quita una saturación en la fase de empuje. Pongo una y no dos: la duplicación se exige en EuRoC y en la America Cup, pero aquí no me obliga el reglamento, y entre la electrónica comercial redundante y el resto de sensores ya tengo con qué contrastar la medida.",spi,14,1000,criterio_propio,,,,,6
S02,estimar_estado,Aceleración durante la combustión sin saturar,Acelerómetro de alta g H3LIS200DL (±200 g),1,"La IMU satura en ±32 g y el empuje da decenas. ST especifica este integrado para detección de choques y vibraciones extremas hasta ±200 g, y aguanta hasta 10.000 g sin destruirse. Es de 8 bits: lo quiero para la fase que satura a la IMU, no para precisión.",spi,6,1000,fuente,,,,,7
S03,estimar_estado,Velocidad de alabeo tras el apagado sin saturar,Giróscopo de alto rango ADXRS649 (±20.000 °/s),1,"Casi toda IMU MEMS topa en ±2.000 °/s, unas 333 rpm: si el cohete gira más tras el apagado pierdo la actitud justo cuando la necesito. Salida analógica, así que me gasta un canal de ADC y no un bus, y leyéndolo por DMA no me cuesta CPU.",adc,2,1000,fuente,,,,,8
S04,estimar_estado,Referencia de rumbo (deriva del giróscopo en guiñada),Magnetómetro 3 ejes RM3100,1,Sin GNSS ni magnetómetro el error de guiñada crece sin nada que lo ate. Elijo el RM3100 sobre el MMC5983MA porque deriva menos con la temperatura. Lo calibro con la IMU ya montada en su estructura final: el cartucho de CO2 de acero mete error de hierro duro.,spi,9,100,vuelo,,,,,9
S05,estimar_estado,Altitud por debajo de unos 30 km,Barómetro MS5607,2,"El MS5607 es el estándar de facto en cohetería; el BMP390 va mejor de consumo y de ruido y lo dejo anotado como alternativa. Pongo dos: uno en mi ordenador y otro en la electrónica de recuperación redundante. El segundo no cuelga de mi I2C, pero lo dejo en el inventario porque es el que me da la segunda opinión de apogeo. Por encima de 31 km ninguno de los dos sirve.",i2c,6,100,fuente,,,,,10
S06,estimar_estado,Temperatura ambiente para la ecuación barométrica y el sesgo del giróscopo,Integrado en el barómetro y en la IMU,0,"No compro nada: ya viene dentro. Pero tengo que usarlo, porque el sesgo del giróscopo deriva con la temperatura y es el error dominante del INS en un vuelo de 12 min.",ninguna,0,0,criterio_propio,,,,,11
S07,estimar_estado,Posición y velocidad absolutas cuando se puede,"GNSS de alta dinámica (u-blox, modo Airborne <4 g)",1,"Se me va a bloquear por los límites COCOM durante el ascenso. Lo trato como una ayuda intermitente del filtro, no como la fuente de verdad.",uart,100,10,fuente,,,,,12
S08,detectar_eventos,Saber que la carga de recuperación ha disparado de verdad,Medida de continuidad de cerilla (divisor + ADC),4,"2 canales por evento, drogue y principal, porque EuRoC exige recuperación redundante. Antes del vuelo me dice si la cerilla está conectada; después, si ha disparado.",adc,2,10,fuente,,,,,14
S09,detectar_eventos,Saber que algo se ha separado FÍSICAMENTE,Breakwire o microinterruptor de separación,2,El que más se olvida y el que más me habría servido: distingue «he disparado la carga» de «se ha abierto». Un fallo de recuperación por un nudo en la cuerda del principal se ve aquí y no en la continuidad.,gpio,0,0,vuelo,,,,,15
S10,detectar_eventos,Armar el sistema desde fuera del cohete en rampa,Interruptor de armado externo / pull-pin,1,"Requisito de seguridad de competición: se arma con el cohete ya en rampa, sin abrirlo. Si no lo preveo en el diseño mecánico, no paso la revisión.",gpio,0,0,fuente,,,,,16
S11,detectar_eventos,Saber en qué posición está realmente el aerofreno,Encoder o potenciómetro de posición,1,Lazo cerrado. Un servo que dice estar a 30° y no lo está me arruina el control de apogeo y no me entero. Va en el nodo de la otra bahía; lo dejo contado en mi ADC hasta que cierre el reparto de bahías.,adc,2,100,criterio_propio,,,,,17
S12,detectar_eventos,Detectar que el aerofreno se ha atascado,Medida de corriente del servo (shunt o INA),1,"Un pico de corriente sostenido es un atasco. Sin esto, el actuador falla en silencio. Mismo caso que el encoder: nodo del aerofreno, contado aquí por prudencia.",adc,2,100,criterio_propio,,,,,18
S13,vigilar_salud,Cuánta batería queda tras horas en rampa,Monitor de tensión y corriente INA226,2,"Los LiPo descargan en meseta: mantienen la tensión durante casi toda su capacidad y caen en picado al final. Con 6 h en rampa, mirar solo la tensión me diría que la batería está llena hasta cinco minutos antes de apagarse, así que cuento culombios integrando corriente. Uno por batería, vuelo y recuperación.",i2c,4,10,fuente,,,,,20
S14,vigilar_salud,Respaldo analógico del estado de batería,Divisor de tensión a ADC,2,Si se me cae el bus I2C me quedo sin saber la batería. El divisor no depende de ningún bus.,adc,2,1,criterio_propio,,,,,21
S15,vigilar_salud,Temperatura de la batería (seguridad del LiPo),Termistor NTC,2,"Un LiPo fuera de rango de temperatura es un riesgo, y la capacidad cae con el frío en altura.",adc,2,1,criterio_propio,,,,,22
S16,vigilar_salud,Temperatura de la electrónica,LM75B o el sensor interno del micro,1,Verifica en vuelo el rango industrial de −40 a 85 °C que he puesto como umbral.,i2c,2,1,criterio_propio,,,,,23
S17,registrar_comunicar,Guardar el vuelo entero sin quedarme sin sitio,Flash NOR por QSPI,1,"Descarto la microSD: su controladora interna mete latencias impredecibles y el sistema de ficheros FAT32 se corrompe con vibración. La flash NOR la escribo por bloques y con DMA. La dimensiono con el cálculo de la hoja Requisitos: 18,4 MB. El altímetro de respaldo de USC se quedó sin memoria a los 375 s de un vuelo de 754 s.",qspi_sdmmc,64,200,vuelo+calculo,,,,,25
S18,registrar_comunicar,Telemetría en tiempo real,"Par de Matek mR900-30 con mLRS, 868 MHz",1,La antena va obligatoriamente en una sección de fibra de vidrio o en la ojiva: el carbono es opaco a RF. Con 868 MHz y más de 150 km de enlace tengo que contar con unos 135 dB de pérdidas y con el Doppler.,uart,64,10,fuente,,,,,26
S19,registrar_comunicar,Depurar y volcar datos en tierra,Consola serie,1,Una UART dedicada. No la comparto con la radio: cuando falle la radio es cuando querré la consola.,uart,0,0,criterio_propio,,,,,27
S20,registrar_comunicar,Base de tiempo del filtro,TCXO + señal PPS del GNSS,1,"Es el dt de mi Kalman. El PPS entra por captura de timer y me disciplina el reloj. El contador de 32 bits en µs da la vuelta cada 71,6 min, así que en 6 h de rampa da cinco vueltas antes de despegar y lo tengo que gestionar en firmware.",timer,0,0,calculo,,,,,28
S21,registrar_comunicar,Hablar con la bahía del aerofreno,Bus CAN entre bahías,1,"Cablear sensores sueltos entre bahías es peor que un bus. Me queda por definir la tabla de mensajes: identificador, contenido, frecuencia y qué hago si ese nodo muere.",can,8,100,criterio_propio,,,,,29
S22,registrar_comunicar,Avisar de dónde ha caído / estado en rampa,Zumbador,1,"Lo agradeceré buscando el cohete en el campo, y me sirve para comprobar el armado en rampa.",pwm,0,0,criterio_propio,,,,,30
S23,registrar_comunicar,Mover el aerofreno,Servo,1,"Viene del ejercicio de Hardware. Va en el nodo de la otra bahía, no en mi placa.",pwm,0,0,criterio_propio,,,,,31
S24,independiente,Recuperación redundante exigida por la competición,Electrónica comercial (p. ej. CATS Vega) con batería propia,1,"Guía de EuRoC 3.3 y 3.4.1: recuperación redundante y al menos una comercial. No es opcional, y además me da un tercer voto de apogeo y datos con los que contrastar los míos.",ninguna,0,0,fuente,,,,,33
S25,independiente,Encontrar el cohete después de aterrizar,Localizador independiente con su propia batería y radio,1,"Si mi ordenador muere, el cohete sigue en algún sitio. Este no depende de nada mío.",ninguna,0,0,criterio_propio,,,,,34
